Image|Logo|Name|Citát|Music|Race|Focus|Origin|God|Age|Status|Title|Position|Description
King-Lorian-Rueox|Mesto|Kráľ Lorian Rueox|Som rád, že sa mestu darí a verím, že obyvatelia mi pomôžu úspech len násobiť.|None|Elf|Noble|Jazierchat|Harvien|500|Živý|Kráľ|Kráľ Jazierchatu a okolia|Kráľ Lorian sa narodil do bohatej vládnucej rodiny mesta a na trón nastúpil už v mladom veku. Odvtedy uplynulo takmer štyristo rokov, počas ktorých nepretržite vládne – s trpezlivosťou a odstupom, aký môže mať len elf, ktorému čas plynie inak než ostatným. Jeho dlhý život však priniesol aj tichú osobnú daň. Prežil viacero manželiek, ktoré ako ľudia starli a odchádzali, zatiaľ čo on zostával. Dlho nemal žiadneho potomka, až kým sa mu nedávno nenarodil syn Lanc – dedič, ktorý by mohol niesť jeho meno ďalej.<br><br>Napriek tomu sa Lorian nikdy nestal kráľom rodiny, ale predovšetkým kráľom svojho ľudu. Svoje povinnosti vždy staval nad osobný život a roky, ktoré by iní venovali blízkym, on zasvätil správe mesta a upevňovaniu svojho odkazu. Tak tomu bolo kedysi a tak je tomu aj dnes – jeho pozornosť sa čoraz viac upiera na dedičstvo, ktoré po sebe zanechá, než na vzťahy, ktoré by ho mohli ukotviť v prítomnosti.<br><br>Známy je najmä svojimi veľkolepými bálmi a podujatiami, ktoré presahujú hranice obyčajnej dvorskej okázalosti. Lorian dbá na to, aby sa na nich nezúčastňovala len šľachta, ale aj obyvatelia mesta, dokonca i tí z najnižších vrstiev. V jeho očiach má oslava zmysel len vtedy, ak je zdieľaná – ak dokáže na chvíľu spojiť všetkých bez ohľadu na postavenie. Aj preto organizuje udalosti, ktoré nie sú výsadou mocných, ale otvára ich aj tým, ktorí ich potrebujú najviac, čím si udržiava povesť panovníka, ktorý síce žije dlhšie než ostatní, no na svoj ľud nikdy nezabúda.
Ayne-Drundas|Akademia, Popravca|Ayne Drundas   Guľo|Nikdy nie je tak zle aby nemohlo byť horšie, tak nepodceňuj prípravu.|None|Goliath|Barbarian/Fighter|Ruiny Temnoty|Začiatok|72|Živý|Jäger, Rytier|Riaditeľ ALP Jazierchat|"Prišiel z iného sveta, tu sa udomácnil tak, akoby sem patril odjakživa. Po dekádach medzi miestnymi ovláda ich zvyky s ľahkosťou a pôsobí ľudskejšie než väčšina samotných ľudí. Kedysi bol známy obrovskou silou a mocnou postavou, no čas jeho telo zmenil, dnes vyzerá chudší, pokojnejší, až takmer nenápadný. To však klame: aj teraz by dokázal jedinou rukou zastaviť rozbehnutého koňa. Svoju moc však už neukazuje v sile svalov, ale v sile ducha a poznania. <br>Niekedy ho volali Guľo, to nie len pre jeho zavolitú postavu ale aj lebo sa ""guľal"" medzi fakultami. Ayne mal problém ostat v jednej fakulte dlhšie ako akademický level. Jeho široký zámer mu však pomohol a vypracoval sa na váženého riaditeľa univerzity v Jazierchate, kde jeho meno vyslovujú s rešpektom študenti i učenci."
Ogmurok-Rogantor|Absorber|Ogmurok Rogantor   Umelec|Umenie nieje chopiť sa Esencie, umenie je správne ju využiť.|Ogmurok, the Tamer of Flame|Human|Ranger|Divočina|Vydra|54|Živý|Jäger|Vrchný Absorber|Ogmurok vždy lovil. Jeho klan sa nikdy nepresunul do mesta a ostali nechránený v lesoch. Vďaka ich loveckým skúsenostiam im to však nerobilo veľký problém. Ogmurok teda nemal trénin z akédemie ale od klanu. S lovcami z akadémie sa stretol v lesoch keď mali spoločnú korisť. Lovci si naskôr mysleli, že Ogmurok je prízrak lebo jeho pohyby pôsobili magicky až ako keby to bolo pre neho vystúpenie a nie lov. Ogmurok sa vrátil do mesta s lovcami a začal svoju cestu akademiou kde sa niečo naučil ale aj pridal vlastné poznatky a skúsenosti.
Bolyvar-Grats|Popravca|Bolyvar Grats – Sekerník|Ešte raz sa ma opýtajte na citát a narvem vám sekeru tak hlboko do riti, že vám skončí za očami.|Bolyvar Grats|Human|Barbarrian|Jazierchat|Kybad|48|Živý|Jäger|Ex-Vrchný Popravca, Lovec Skupina 720|Bolyvar, tiež zvaný Sekerník, sa na svoju pozíciu vrchného Popravcu vypracoval sám. Od útleho veku on ako aj jeho bratia boli otcom vedený k boju. Borald Grats bol priemerný lovec, ktorý utrpel ťažké zranenia pri love, preto trénoval svojich synov tak aby sa jeho osudu vyhli. Toto usilie sa vyplatilo. Bolyvarov triunfálny nástup na Jägera bol keď sa ako jediný vrátil z hrdla príšer s polu s telom svojich dvoch spolulovcov a hlavami hrdelnej trojky. Hlavy daroval akedémií na výskum a dnes už vysia v chodbách akedémie v Jazierchate. Bolyvar je ťažko zastihnuteľný lovec lebo sa stále vydáva na nebezpečné miesta no vždy sa vráti aj s novým materialov pre výskum znalcou.
Damian-Kolt|Popravca|Damian Kolt – Kolt|Neexistuje ideálny okamih, je len aktuálny okamih a my rozhoduje ako ho využijeme.|Damian Doesn't Aim|Human|Fighter|Granulia|Liorha|39|Živý|Jäger|Vrchný Popravca|Damian Kolt, starší brat Erika Kolta, je nový vrchný Popravca po odchode Bolyvara Gratsa. Na rozdiel od svojho brata nebojuje cez presné výpočty a dokonalé plány. Damian víťazí preto, že reaguje rýchlejšie než ostatní. Tam, kde Erik mieri na stred terča, Damian už vystrelil.  Ako starší brat nemal koho nasledovať, preto sa všetko učil vlastnými chybami. Je tvrdohlavý, prispôsobivý a zvyknutý prežiť aj vtedy, keď sa plán rozpadne. Ľudia ho často vidia ako šťastného hrdinu, ktorému všetko vychádza, no Damian si dobre pamätá aj víťazstvá, ktoré ho stáli spolubojovníkov.  Jeho najznámejšou zbraňou je Kolt Thunderstrike, ťažký magický revolver, ktorý strieľa s takou silou, že nemusí trafiť presne, aby zničil cieľ. Výstrel z neho znie ako úder búrky a slabšieho strelca by odhodil dozadu. Damian však stojí pevne.  Dnes vedie Popravcov nie ako dokonalý stratég, ale ako lovec, ktorý vie, že v skutočnom boji prežije ten, kto sa dokáže pohnúť v správnej sekunde. 
Carlie-Hof’Goria|Krotiteľ|Carlie Hof’Goria – Lejdy|Miláčik môj.. Obaja dobre vieme, že citát neukojí tvoju zvedavosť, tak to radšej nechame bez komentára.|Whispers of Hof’Goria|Elf (Drow)|Sorcerer|Juhiera|Virwraek|416|Živá|Grófka, Jäger|Vrchná Krotiteľka|Šľachtický pôvod a pokrvné spojenie na predchádzajúceho vrchného krotiteľa bolo Grófke určite veľmi pomocné pri jej čase strávenom v Akadémií. Bola veľmi nadaný študent, ktorý len málokedy išiel do terénu. Väčšinu času strávila v kabinetoch a kanceláriach. Jej cesta na vrchol bola vcelku rýchla a po jej nástupe nastalo viacero nečakaných zmien. Sprísnila zápisný poplatok a stará sa o školné. Všetci čo sa na to sťažovali zmenili svoj názor po rozhovore s ňou. Fakulta sa stala prínosnejšou pre akadémiu. Grófka však od vtedy vídaná len ojedinele. Väčšinou ju na stretnutiach niekto zastupuje.
Kratol-Uroqal|Ochranca|Kratol Uroqal – Sudca|Nič nieje smutnejšie, než strata nádeje. Pretože nádej sa nedá stratiť, dá sa len opustiť.|Kratol Uroqal|Human (Demigod)|Paladin|Chladohrad|Syrvaad|24|Živý|Jäger|Vrchný Ochranca|Kratol mal zmysel pre spravodlivosť skôr ako vedel používať zbrane. Často sa preto dostal do nepríjemných situácií kde ho silnejší neprávom trestali. Kratola to však neodradilo a spravodlivosť nasledoval aj naďalej. Začal pracovať na svojej fyzickej stránke a stal z neho lovca. Nebol najsilnejší či najefektívnejší ale prácu odviedol hrdo. Jeho zmysel pre spravodlivosť mu však nie vždy dovolil príšeru zabiť, stal sa preto príkladným študentom fakulty Ochrancov. Tam neskôr prebral rolu vrchného ochrancu kde zastáva princípy spravodlivosti.
Katrina-Hularo|Znalec|Katrina Hularo – Diplomatka|Nikdy nie je neskoro naučiť sa niečo nové.|By Katrinas Will Alone|Tabaxi|Wizard|Pieskostan|-|51|Živá|Jäger|Vrchná Znalkyňa|Silný intelekt sa nezastaví pred ničím. Katrin stratila rodičov ako mladé dievča a musela sa o súredencov starať sama. Mala však dosť umu aby našla riešenie. Seba prihlásila na akadémiu a ako sirota dostala dosť peňazí aby súrodencom zabezpečila bývanie. Nemala teda financie pre seba a musela sa viac vynájsť. Robila istý čas prekladateľku a učila sa jazyky. Jej talentu to prospelo lebo po tragickom skonaní Minaer Hlafton bola zvolená ako vrchný znalca. Časť jej súrodencov sa pridala do akadémie tiež ale Katrin nikdy nezneužila svoje postavenie aby im vypomohla.
Maximus-Noe|Znalec|Maximus Noe|Rado sa stalo.|The Name of Maximus|Human|Fighter|Jazierchat|Zekkil|40|Živý|Jäger|Najsilnejší Lovec|Muž. Mýtus. Legenda. Najsilnejší a najschopnejší lovec, akého tento svet pozná. To všetko vystihuje Maximusa.<br>Ak existuje niekto, kto by mohol kráčať po stopách Zekkila a prekročiť hranicu medzi polobohom a skutočným bohom, všetci sa zhodnú na jedinom mene. Maximus. Nikto iný nemá k tomu tak blízko.<br>Príbehy o ňom kolujú odkedy bol ešte dieťa. Niektoré znejú absurdne, ako tá o tom, že z postieľky premohol hydru. Iné sú… viac uveriteľné. Zachránené karavany skôr, než bol vôbec prijatý do akadémie. Skúšky, ktoré iní nezvládnu za roky, ukončil za pár mesiacov. A odvtedy? Odvtedy jeho meno len rastie.<br>Pod jeho rukami padajú všetky druhy monštier. Bez rozdielu. Bez zaváhania. A rovnako prirodzene, ako prichádza smrť pre príšery, prichádza obdiv od ľudí. Najmä od žien. Tie sa k nemu hrnú ako sliepky k zrnu. A hoci sa o tom tak nehovorí, niektorí muži by sa na ich mieste ocitli tiež.<br>Maximus si slávu užíva. Neuniká pred ňou, naopak, nosí ju ako plášť. Často ho vídať na podujatiach, obklopeného krásou a smiechom, s pohárom v ruke a iskrou v očiach. Vášnivý, sebavedomý… možno až príliš. Ale kto by mu to vyčítal?<br>Je tým lovcom, akým chce byť každý nováčik na akadémii. A tým, ktorému závidia aj tí, čo už svoju cestu dávno dokončili. A pravdou je, že oprávnene.
Bratislav-Kalsar|Mesto|Bratislav Kalsar|Namyslenosť je úžasná pasca, ako náhle do nej raz padnete, už niet úniku.|None|Human|Fighter|Jazierchat|Syrvaad|38|Mŕtvy|Sir, Jäger|Učiteľ|Ó, aký hrdý bol kedysi rod Kalsarov. Bájni bojovníci, ktorých meno sa nieslo svetom ako prísľub nádeje. Boli to oni, kto prvý ukázal, že pred monštrami sa netreba len skrývať, že sa s nimi dá bojovať, poraziť ich a zatlačiť späť do temnôt, odkiaľ prišli. Vďaka nim vznikli akadémie, vďaka nim sa ľudia naučili stáť vzpriamene aj pred hradbami miest. Hoci svet zostáva nebezpečný a každým krokom ďalej od civilizácie rastie riziko, to, čo dnes považujeme za „bezpečné“, existuje len vďaka Kalsarovcom.A predsa ich príbeh nemal slávny koniec. Je až tragické, ako tento rod padol. Hlavná vetva zanikla počas jediného večera v roku 715 pri náhlem, nečakanom útoku na ich rodné sídlo uprostred rodinných osláv.<br>Bratislav, posledný vodca rodu, mal štyri deti, troch synov a dcéru. Neprežil nikto. Zostali len roztrúsené telá a ticho, ktoré po nich nasledovalo. Ich sídlo dodnes stojí opustené, pomaly ho pohlcuje príroda a nikto sa neodváži vstúpiť do jeho tieňov. Leží príliš ďaleko od mesta a príšery si ho rýchlo privlastnili, akoby čakali práve na túto chvíľu.<br>Niektorí hovoria, že neskorší Kalsarovci stratili ostrosť, že sa viac spoliehali na bohatstvo, magické artefakty a svoju povesť než na vlastnú silu. Že bojovali menej, a práve preto sa stali zraniteľnými. Iní však tvrdia opak, že boli ešte väčší než ich predchodcovia, pretože sa o svoje poznanie podelili so svetom a umožnili vznik novej generácie bojovníkov. Pravda sa ale stratila spolu s nimi. No jedno je isté, ich pád narušil rovnováhu. A podľa toho, ako sa monštrá opäť pohybujú v tieňoch, sa zdá, že svet už začína cítiť následky ich neprítomnosti...
Ilian-Bekalsar|Znalec|Ilian Bekalsar   Dedič|Svet nie je fér, žiaden rodič by nemal prežiť svoje dieťa ale v našom svete sa to deje denne.|Spark of Bekalsar|Hafl-Elf (Human)|Fighter|Lesohaj|Zylhana|88|Živý|Jäger|Solista Lovec|Rod Kalsar bol prvým, kto svetu priniesol nádej a ukázal, že monštrá možno skutočne poraziť. Napriek tomu však nikdy nevynikal v mágii v ich rukách bola vždy nestála, akoby sa sama zdráhal podvoliť. Tento nepomer sa zmenil až s narodením Iliana. Hoci už nepatrí priamo k hlavnej vetve rodu Kalsar, ale pochádza z línie Bekalsar, jeho pôvod v sebe nesie niečo výnimočné. Možno preto, že jeho matka bola elfka a vďaka tejto krvi v ňom mágia prúdi čistejšie, prirodzenejšie a s väčšou silou než u ktoréhokoľvek z jeho Kalsarských predkov.<br>Ilian zdedil bojové schopnosti svojho rodu, no na rozdiel od nich si podmanil aj umenie mágie, ktoré sa preňho stalo rovnocennou, ak nie silnejšou doménou. Je zosobnením toho, čím sa rod Kalsar nikdy úplne nestal, harmóniou medzi oceľou a čarami. Osud však nebol milosrdný. Ilian je posledným z vetvy Bekalsarov, keďže jeho syn padol počas poslednej skúšky, ktorej čelil. Odvtedy v ňom zostala trpkosť, ktorá zatienila jeho kedysi jasnejšiu povahu, a namiesto dediča budúcnosti sa stal osamelým lovcom, putujúcim svetom bez cieľa, len s vlastným tieňom po boku.<br>Jeho cesta je nebezpečná a plná temnoty, no nik ho nedokáže odradiť. Ľudia ho nazývajú Dedičom. Bol to titul, ktorý kedysi niesol nádej, no dnes znie skôr ako ozvena straty. Raz mu niekto povedal „posledný dedič“. Ten človek potom zmizol. Nikto nevie kam, no všetci tušia pravdu, ktorú sa nik neodváži vysloviť nahlas.
Ian-Bekalsar|Ochranca|Ian Bekalsar|Keď môj otec je iskra nového veku, tak ja musím byť plameň!|None|Human|Fighter|Jazierchat|Haš|33|Mŕtvy|Hed|Lovec študent - Skupina 735~1|"Ian Bekalsar bol nesmierne hrdý na svoj pôvod aj na svojho otca, ktorý dal vznik novej línii ""Kalsarov"" spájajúcich oceľ s mágiou v boji proti príšerám. Bekalsarovci sa stali žiarivým klenotom kedysi slávneho rodu Kalsar a Ian túto hrdosť nosil ako znak svojej identity. Bol ambiciózny, možno až priveľmi. Túžil dosiahnuť veľké veci, prekročiť hranice, zanechať stopu. No viac než čokoľvek iné chcel všetko dosiahnuť rýchlo. Nemal totiž tú výhodu, ktorú mal jeho otec, nenarodil sa do vznešenej, dlhovekej línie s elfskými črtami, ale ako obyčajný človek, ktorému čas nikdy nedal rovnaký priestor. A tak sa rozhodol, že ho dobehne… a potom aj predbehne, v každom jednom smere.<br>A darilo sa mu. Na akadémii žiaril tak jasne, že zatienil mnohých svojich rovesníkov. Jeho bratranec Radegard musel vynaložiť všetko úsilie, aby s ním dokázal držať krok, no práve Ianova húževnatosť a odhodlanie ho zároveň poháňali vpred. Boli si navzájom oporou aj výzvou. Ian však nebol len sústredený, bol aj veselý a stal sa radosťou ostatných, niesol so sebou ľahkosť, ktorú si mnohí spájali s nádejou. Vždy sa snažil chrániť druhých, stáť medzi nimi a nebezpečenstvom, akoby to bola jeho prirodzená úloha.<br>Lenže počas poslednej skúšky, ktorá mala rozhodnúť o ich prijatí medzi Jägerov, sa všetko skončilo. Ian bol zabitý. A s jeho smrťou sa zlomilo viac než len jeden život. Radegard z tej straty nikdy celkom nevyšiel a Ilian, jeho otec, v sebe dodnes nesie ticho, ktoré po ňom zostalo. Ian bol svetlom, no tento svet má tendencia pohltiť aj najjasnejšie svetlo."
Radegar-Alkalsar|Absorber|Radegar Alkalsar|Ak mi nechceš kúpiť súdok tak si sem ani nesadaj...|None|Human|Fighter|Jazierchat|Zariana|38|Živý|Hed|Lovec študent - Skupina 735~1|Ak bol rod Kalsar symbolom lovcov príšer a Bekalsar jeho vetvou, ktorá dokázala spojiť mágiu s oceľou, potom Alkalsar bol vždy čiernou ovcou tejto pokrvnej línie. Ich meno sa spájalo s tieňmi a s cestami, ktorým sa ostatní radšej vyhýbali. Keďže Kalsarovcom mágia nikdy neprúdila prirodzene, niektorí z nich začali hľadať jej zdroj inde, hlbšie, temnejšie, tam, kde si sila vždy pýta svoju cenu. A Alkalsarovci túto cestu aj prijali. Temné zdroje, ku ktorým sa obracali, si vyžadovali obete, často kruté a nevyhnutné, čo ich viedlo k rituálom, ktoré balancovali na hrane šialenstva, a neraz aj priamo kriminálnej činnosti.<br>Radegar nebol výnimkou z tejto pošpinenej povesti, no jeho osud sa zmenil, nie voľbou ale trestom. Nebol vybraný do akadémie pre talent či česť, ale bol tam poslaný ako väzeň. Jeho otec zahynul pri poslednom pokuse o prevrat moci a Radegara zajali. Akadémia sa preňho stala skôr väzením než príležitosťou. Práve tam sa však prvýkrát na dlhší čas stretol so svojím bratrancom Ianom. A nenávidel ho. Ian bol všetkým, čím Radegar nebol, lepší, rýchlejší, obdivovaný. No práve táto nenávisť sa stala zvláštnym druhom motivácie. V tieni svojho rivala začal Radegar objavovať vlastné schopnosti, hlboko zakorenené v jeho rode, na ktoré by inak možno nikdy nenarazil.<br>Postupne sa menil. Snažil sa, zatínal zuby, zlepšoval sa. Z trestanca sa stával bojovník, ktorý v sebe niesol isté cnosti. Bol to prvý Alkalsar, ktorý mohol očistiť meno svojej vetvy a prinavrátiť jej stratenú česť. Mohol byť mostom späť k sláve Kalsarovcov. Lenže osud sa opäť zmenil. Počas poslednej skúšky Ian zomrel a s ním sa zlomilo aj niečo v Radegarovi. To, čo si tak dlho budoval, sa rozpadlo.<br>Dnes ho možno nájsť skôr v zadymených tavernách než na bojiskách. Z lovca sa stal muž, ktorý bojuje už len sám so sebou a pre almužnu. Je zatrpknutý, podráždený, agresívny. Meč nahradil pohárom, pričom jeho kroky vedú čoraz častejšie len jedným smerom, k baru. V jeho vnútri zostalo veľa hnevu, ešte viac bolesti… a priveľa alkoholu, aby ich dokázal umlčať. Keď však predsa len vyjde von a opäť sa chopí meča, nerobí to pre česť ani pre povinnosť, ale len pre peniaze, pre ďalší pohár, pre krátky pokoj, pre temný kút, kde môže na chvíľu zabudnúť. V boji je čoraz nevyspytateľnejší a nebezpečnejší. Hoci roky netrénoval, jeho schopnosti nezhrdzaveli, práve naopak, akoby ich pretavila vlastná temnota. To, čo v ňom kedysi mohlo priniesť vykúpenie, sa teraz mení na niečo oveľa surovejšie… a oveľa temnejšie.
Lalia-Rosa|Akademia|Lalia Rosa|None|None|Race|Focus|Origin|God|Age|Živá|Title|Správca kráľovských záhrad Jazierchatu|Description
Mera-Deva|Akademia|Astra Beliova|None|None|Race|Focus|Origin|God|Age|Živá|Title|Jazerná pani Jazierchatu|Description
Dajana-Abalone|Akademia|Dajana Abalone|None|None|Race|Focus|Origin|God|Age|Živá|Title|Kráľovský Mág|Description
Naria-Aqu'tia|Akademia|Naria Aqu'tia|None|None|Race|Focus|Origin|God|Age|Živá|Title|Ambasádor Jazierchatu|Description
Astra-Beliova|Akademia|Astra Beliova|None|None|Race|Focus|Origin|God|Age|Živá|Title|Listonoš Jazierchatu|Description
Bernard-Kováčik|Akademia|Bernard Kováčik|None|None|Race|Focus|Origin|God|Age|Živý|Title|Hlavný profesor Jazierchatu|Description
Božena-Dlhoprstova|Akademia|Božena Dlhoprstova|None|None|Race|Focus|Origin|God|Age|Živá|Title|Výdajca predmetov Jazierchatu|Description
regor|Akademia, Bohovia|Isobela Ignis|None|None|Race|Focus|Origin|God|Age|Živá|Title|Správca kapnlky Jazierchatu|Description
Kurst-Ntak|Mesto|Kurst Ntak|None|None|Race|Focus|Origin|God|Age|Živý|Title|Velitel stráži Jazierchatu|Description
Ostor-Flo'rani|Akademia|Ostor Flo'rani|None|None|Race|Focus|Origin|God|Age|Živý|Title|Správca záhrad Jazierchatu|Description
Pankrác-Sadlomas|Akademia|Pankrác Sadlomas|None|None|Race|Focus|Origin|God|Age|Živý|Title|Vrchný kuchár Jazierchatu|Description
Urbon-Fik|Akademia|Urbon Fik|None|None|Race|Focus|Origin|God|Age|Živý|Title|Alchemic Jazierchatu|Description
Vivien-Fik|Akademia|Vivien Fik|None|None|Race|Focus|Origin|God|Age|Živá|Title|Kováč Jazierchatu|Description
Wena-Bezmena|Akademia|Wena Bezmena|None|None|Race|Focus|Origin|God|Age|Živá|Title|---|Description
Žigmun-Ropak|Akademia|Žigmund Ropak|None|None|Race|Focus|Origin|God|Age|Živý|Title|Kováč Jazierchatu|Description
Pier-Ursidae|Akademia, Ochranca|Pier Ursidae|None|None|Human|Fighter|Jazierchat|Errasa|55|Živý|Jäger|Krčmár Jazierchatu, Lovec skupiny 720|Description
Joe-Ursidea|Mesto, Absorber|Joe Ursidae – Opatrovateľ|None|Keeper of the Wild Flame|Human|Fighter|Jazierchat|Ursox|36|Živý|Hed|Opatroval Magických tvorov, Ex-študent - Skupina 735~1|Description
Aren-Vey-Lady|Akademia|Aren Vey|None|None|Race|Focus|Origin|God|Age|Živá|Title|Krčmárka Jazierchatu|Description
Kajn-leba-Stablemaster|Akademia|Kajn leba|None|None|Race|Focus|Origin|God|Age|Živý|Title|Stajniar Jazierchatu|Description
Mia-Krostova-Dorm|Akademia|Mia Krostova|None|None|Race|Focus|Origin|God|Age|Živá|Title|Domovníčka Jazierchatu|Description
Olqan-Eroz-Archivar|Akademia|Olqan Eroz|None|None|Race|Focus|Origin|God|Age|Živý|Title|Archivár Jazierchatu|Description
Maria-Šiphova-Medic|Akademia|Maria Šiphova|None|None|Race|Focus|Origin|God|Age|Živá|Title|Liečiteľka Jazierchatu|Description
Richard-Dkn|Absorber|Richard Dkn – Mutant|None|Richard the Mutant|Half-Orc|Rogue|Granulia|Bland|40|Živý|Hed|Učiteľ, Lovec Skupina 730|Na prvý pohľad pôsobí ako príšera z nočných môr, telo polo-Orka poznačené rokmi bezohľadného využívania esencie sa pretvorilo do podoby, ktorú si mnohí mýlia so strygou. Svaly i koža nesú jazvy nadprirodzených premien a jeho oči žiaria cudzím svetlom. No hoci jeho vzhľad vzbudzuje strach, skutočná povaha ho prezrádza inak: je priateľský, otvorený a loajálny. Ovláda luk s pozoruhodnou presnosťou a esenciu s takou ľahkosťou, že sa zdá, akoby mu pretekala žilami. Je paradoxom sám o sebe – desivý navonok, no blízky a spoľahlivý spoločník pre tých, čo sa odvážia priblížiť.
Melion-Lor’niala|Popravca|Melion Lor’niala   Dym|None|Shadow and Starfire|Elf (Drow)|Rogue|Lesohaj|Vacan|189|Živý|Hed|Učiteľ, Lovec Skupina 730|Narodil sa ako druhý syn urodzenej rodiny, vždy v tieni svojej staršej sestry. Kým ona pútala pozornosť a obdiv, on zostával nepovšimnutý. Pozorne sledoval dianie okolo seba a učil sa, kým si iní jeho prítomnosť sotva všímali. Z nenápadného mladíka vyrástol schopný aristokrat, ktorý vie viesť zdvorilé rozhovory v sieňach šľachty, no zároveň sa osvedčil aj v boji so zbraňou v ruke. Jeho pravou silou však zostáva schopnosť pohybovať sa nevidený, zostať skrytý v pozadí a objaviť sa až vtedy, keď nastane tá správna chvíľa.
Enedrie-Onaior|Krotiteľ|Enedrie Onaior   Struna|Ak si nikdy nepretrhol strunu, nevieš čo je to hrať!|Serenade of Fire and Elysium|Tiefling|Bard|Pieskostan|Beau|38|Živá|Hed|Učiteľ, Lovec Skupina 730|Táto tieflingská bardka je známa svojím pokojným a nežným hlasom, ktorý dokáže upokojiť ducha a obmäkčiť srdce. No keď sa rozčertí, jej spev získa silu, akoby sa z jej hrdla ozývali samotné plamene pekla – zvuk taký mocný, že dokáže otriasť stenami. Jej vernou spoločníčkou je 16-strunová harfa, na ktorej hrá s vášňou, ktorá neraz prerastie do takého entuziazmu, že pri predstavení praskne struna. Napriek týmto drobným nehodám jej hudba nikdy nestráca čaro, a práve v nej sa spája krása a sila, ktoré z nej robia nezabudnuteľnú krotiteľku.
Ludvik-Grats|Ochranca|Ludvik Grats   Snehumil|None|The Light Behind Ludvik's Fist|Human|Cleric/Barbarian|Jazierchat|Rohan|46|Živý|Hed|Učiteľ, Lovec Skupina 730|Mladší brat Bolyvara a rešpektuhodný lovec vo svojom vlastnom odbore. Ludvik ma omnoho pokojnejšiu povahu než jeho brat a pravdepodobne aj preto si zvolil inú fakultu alebo možno len následoval stopy najstaršieho brata, Gregoriho. Posledné roky trávil Ludvik v Chladohrade kde pracoval na výpravách za Aurora Serpentom. Nové povinnosti ho však zavolali späť do rodného mesta Jazierchatu.
Niliana-Lor’niala|Znalec|Niliana Lor’niala   Svetlica|None|Shadow and Starfire|Elf (Drow)|Wizard|Lesohaj|Elavalur|189|Živá|Hed|Učiteľ, Lovec Skupina 730|Na rozdiel od svojho mladšieho brata vždy stála v popredí. Ľudia ju obklopovali, rozprávali sa s ňou, hľadali jej pozornosť a ona si ju užívala. Bola šťastná vždy, keď mohla žiariť v strede diania, a práve táto túžba po svetle ju priviedla k najznámejšiemu kúzlu, ktoré vytvorila – zaklínadlu, schopnému oslepiť a očariť celú miestnosť jediným gestom. Pre jej povahu a mocnú mágiu jej prischlo meno Svetlica. Hoci je jej koža tmavá ako uhlie jej prítomnosť žiari tak, že ju nemožno prehliadnuť.
Henrieta-Gûl'hosta|Znalec|Henrieta Gûl'hosta|None|None|Elf (Drow)|Wizard|Juhiera|Zylhana|189|Živá|---|Lovec študent - Skupina 750~1|Mladá kúzelníčka z nižšej šľachty elfského rodu, ktorá má už za sebou prvé skúšky mágie a obstála v nich so cťou. Je znalá, no jej najväčšou prednosťou nie je iba vedomosť, ale aj neutíchajúca snaha a mladícka ambicióznosť. Hoci ešte nemá toľko skúseností ako jej starší druhovia, jej odhodlanie a chuť rásť ju neraz posunuli ďalej, než by kto očakával. V jej očiach sa spája iskra zvedavosti s túžbou po uznaní – a je jasné, že pred sebou má cestu, ktorá môže viesť k veľkým veciam.
Lea-Líška|Popravca|Lea Líška|None|None|Human|Fighter|Jazierchat|Syrvaad|22|Živá|---|Lovec študent - Skupina 750~1|Mladá bojovníčka, odvážna a neskrotná, ktorá sa len málokedy nechá zastrašiť. Jej srdce horí obdivom k legendárnemu hrdinovi menom Dexter Kold. Neváha o ňom hovoriť s úctou, bez hanby priznáva, že je jej vzorom a túži sa mu priblížiť skutkami i odvahou. Verí, že v jej žilách koluje jeho krv – krv bohov, ktorá dala svetu hrdinu zapísaného do piesní a príbehov. Práve táto viera jej dodáva silu a odvahu postaviť sa nebezpečenstvám, ktoré by iní obchádzali. Je ešte mladá, no jej odhodlanie a túžba niesť dedičstvo hrdinov ju robia neprehliadnuteľnou.
Leander-Goro|Krotiteľ|Leander Goro|None|None|Tiefling|Bard|Pieskostan|Zael|24|Živý|---|Lovec študent - Skupina 750~1|Mladý tiefling, ktorého vystupovanie je plné sebavedomia, ambície a neraz až namyslenosti. No jeho prirodzený šarm spôsobuje, že mu to málokto vyčíta – vie si získať pozornosť i sympatie, aj keď pôsobí povýšene. Sám seba rád opisuje ako nežného k ženám, zvieratám a v podstate ku všetkým, a hoci je v tom cítiť kus sebaprezentácie, jeho úprimná snaha zapôsobiť sa nedá poprieť. Je poháňaný túžbou zapísať svoje meno do dejín a stať sa prvým zo svojho rodu, ktorý naozaj niečo znamená.
Oto|Ochranca|Oto|None|None|Goliath|Paladin|Ruiny Temnoty|Koniec|37|Živý|---|Lovec študent - Skupina 750~1|Prišiel z iného sveta, no o sebe prezradí len málo. Slová šetrí, no jeho prítomnosť hovorí zaňho – je mocný a pevný ako kameň. Hovorí sa, že na túto cestu ho vyslal samotný boh, ktorému slúži. A to meno, ktoré jeho boha sprevádza, budí strach: Koniec. Jeho úlohou je stať sa lovcom. Jeho mlčanie i neústupná sila pôsobia desivo, no zároveň vzbudzujú úctu.
Timeo-Hlina|Absorber|Timeo Hlina|None|None|Human|Rogue|Severana|Zurro|16|Živý|---|Lovec študent - Skupina 750~1|Je sirota, ktorej otec nikdy nebol známy a matka zomrela ešte v jeho detstve. Vyrastal v baniach, kde deň čo deň doloval a zakusoval ťažobu tvrdej práce. Tvár i ruky si zvyklé na špinu a mozole sú jeho znamením, no napriek tomu si dokázal vydrieť cestu von – ušetriť dosť peňazí na prihlášku a zvládnuť skúšky, ktoré by iných položili. Za úspechom sa však skrýva hnev. V jeho očiach sa leskne nevraživosť, akoby obviňoval celý svet za možnosti a privilégiá, ktoré jemu boli odopreté. Jeho minulosť ho naučila odolnosti, no zároveň v ňom nechala jazvu, ktorá mu nedovolí zabudnúť, odkiaľ prišiel.
Alienna-Eru'Galad|Krotiteľ|Alienna Eru˜Galad|None|None|Elf (High)|Cleric|Lesohaj|Ralogolor|248|Živá|---|Lovec študent - Skupina 750~2|Elfka vznešeného rodu, najmladšia zo svojich súrodencov. Už od detstva bola známa ostrým jazykom a neochvejnou vierou, no jej cesty sa neuberali k oltáru ani k dvoru – hoci by sa z nej stala výborná kňažka či diplomatka, rozhodla sa inak. Vybrala si univerzitu pre lovcov. Jej správanie prezrádza pôvod: vyberavý vkus a urodzený postoj, no pritom neupadla do pýchy. Naopak, prekvapuje otvorenosťou a ľudskou stránkou, aká je u elfov z vysokých rodov zriedkavá. Práve v tejto rovnováhe medzi urodzenosťou a úprimnosťou sa skrýva jej krása.
Mok-Gulok|Absorber|Mok Gulok|None|None|Dworc|Monk|Granulia|Tiny|20|Živý|---|Lovec študent - Skupina 750~2|Zapálený bojovník, ktorého sila nespočíva v ostrí meča, ale v jeho vlastných pästiach. Nepotrebuje zbrane, aby vzbudzoval rešpekt – jeho telo a srdce sú stvorené pre boj. Hoci má nižší vzrast než väčšina orkov jeho zápal pre boj je rovnaký ak nie väčší. Je to dwork, jedinečná krv, v ktorej sa spája húževnatosť s divokosťou. Brada mu ešte nestihla narásť, no jeho svaly a hnev sa už dávno prebudili. Je hladný po výzvach, po zápasoch a chce dokázať, že aj bez ocele v ruke môže stáť bok po boku najväčším bojovníkom.
Emilia-Tavenova|Znalec|Emilia Tavenova|None|None|Genasi|Fighter|Skalodom|Ghad|26|Živá|---|Lovec študent - Skupina 750~2|Mladá Emilia pôsobí ako neskrotný plameň – a ten v nej doslova horí. Vie šikovne narábať so zbraňami, no rovnako zdatne ovláda aj mágiu, čo z nej robí všestrannú a nebezpečnú bojovníčku. Jej matka bola obyčajná krčmárka, no po otcovi – dobrodruhovi s ohňom v krvi – zdedila dar, ktorý ju odlišuje od ostatných. Emilia si je vedomá svojho širokého potenciálu a hoci na cvičisku vždy dokáže zažiariť, v spoločnosti pôsobí neraz neistým či trápnym dojmom.
Trigobor|Ochranca|Trigobor|None|None|Firbolg|Druid|Lesy Života|---|123|Živý|Iar (Titul pre druida v Lesoch Života)|Lovec študent - Skupina 750~2|O jeho prítomnosti koluje viac otázok než odpovedí. Nikto presne nevie, prečo prišiel – najradšej totiž spí, je a trávi čas v rozhovoroch so zvieratami. Na prvý pohľad nepôsobí ako ten, kto by mal byť lovcom, a už vôbec nie ako niekto, kto by hľadal dobrodružstvo. Jeho domovský svet bol totiž pokojný a príjemný, bez tieňov a násilia, ktoré vládnu tu. Prečo ho opustil, zostáva záhadou – a keď sa ho na to niekto opýta, odpovie iba všeobecne: „niekto to urobiť musí,“ alebo „ak nie ja, tak kto?“ či dokonca len prosté „lebo môžem.“
Rick-Okomel|Popravca|Rick Okomel|None|None|Human|Barbarrian|Pieskostan|Zekkil|25|Živý|---|Lovec študent - Skupina 750~2|Keď bol ešte chlapcom, jeho karavanu napadli piesočné príšery. Boli také mocné, že by ich všetkých pobili, nebyť zásahu boha-dobrodruha menom Zekkil. Ten jediný ich zachránil – a Rick si odvtedy niesol v srdci prísahu. Chcel sa stať bojovníkom, ktorý zničí každú príšeru, nech by bola akokoľvek desivá. Mágia mu nikdy veľmi nešla, no to ho neodradilo. Trénoval, kedykoľvek sa naskytla príležitosť, a telo si vypracoval tak, že dnes je fyzicky mocný, odhodlaný a pripravený postaviť sa nebezpečenstvu. V jeho očiach stále horí iskra chlapca, ktorý prežil – a muža, ktorý sa rozhodol nikdy viac nepodvoliť strachu.
Kav|Krotiteľ|Kav|None|None|Kobold|Warlock|Raj Drakov|---|9|Živý|---|Lovec študent - Skupina 750~3|Kav je mladý kobold, ktorého povaha spája rozvahu s vnútorným nepokojom. Zdá sa, akoby sa na univerzitu lovcov dostal náhodou, bez jasného cieľa. Jeho rodičia pochádzajú z miesta známeho ako Raj drakov, no usadili sa tu, aby žili pokojnejšie. Kav však zatúžil spoznať svet a vybral sa na cestu, ktorá ho priviedla až sem. Sám presne netuší, čo by mal robiť, no prijíma to ako česť a snaží sa splniť, čo sa od neho očakáva. V jeho očiach je badateľná neistota, ale aj zápal odhodlania.
Brakrag-Železokostry|Ochranca|Brakrag Železokostry|None|None|Dwarf (Brewer)|Cleric|Vyskyna|Trudgru|267|Živý|---|Lovec študent - Skupina 750~3|Starý trpaslík, ktorý väčšinu svojho života zasvätil službe ako kňaz. Roky kázal a pomáhal, no časom si uvedomil, že by chcel dokázať viac – niečo väčšie a hmatateľnejšie, než len slová. Preto sa rozhodol prihlásiť na univerzitu lovcov, aby mohol svojimi skutkami chrániť a pomáhať. Medzi študentmi pôsobí ako priateľ a neraz aj ako mentor, ktorého rady si ostatní vážia. Je najstarším študentom trpaslíckeho pôvodu, akého univerzita kedy mala. Jeho vek a skúsenosti však nie sú bremenom, ale oporou, ktorá dodáva ostatným väčšiu istotu.<br><br>Navonok však pôsobí veľmi nebezpečne, ono ott, jeho rozhodunite stať sa lovcom prišlo až potom ako sa pohádal s kňazmi, Brakrag si myslím, že môžu spraviť viac, jeho kolegovia to však vida ako rúhanie a nedôvera voči bohov. Tak ich Brakrag vybohoval, oni ho vyhodili a chýry sa rozniesli. To mu však hrá do karát lebo za svoju vieru získal väčší rešpekt okolia.
Ravorit-Meden|Znalec|Ravorit Meden|None|None|Gnome|Artificier|Granulia|Zedrad|70|Živý|---|Lovec študent - Skupina 750~3|Ako väčšina gnomov, aj on je zapálený pre vedu, technológiu a nové poznatky. No jeho zvedavosť sa neobmedzuje iba na stroje či knihy – rovnako rád spoznáva aj svet okolo seba, či už zblízka alebo z ďalekých krajín. Preto sa rozhodol cestovať, učiť sa a zároveň zanechať stopu, ktorá presiahne obyčajné poznanie. Túži svoje vynálezy a technológie aplikovať na to, čo je potrebné najviac – na boj s príšerami. Práve táto myšlienka ho priviedla na akadémiu lovcov, kde sa usiluje spojiť dohromady cestovanie, vynaliezavosť a vlastnú reputáciu.
Gema-Bystrok|Absorber|Gema Bystrok|None|None|Halfling (Tongue)|Bard|---|---|43|Živá|---|Lovec študent - Skupina 750~3|Život kočovníčky jej nikdy úplne nesedel – túžila po niečom stabilnejšom, než je večné cestovanie od miesta k miestu. Vždy mala dar reči a nadanie na slovíčka, ktoré by bolo hriechom nevyužiť. Preto sa rozhodla skúsiť šťastie na univerzite lovcov. Za malý mešec, ktorý si dokázala naplniť počas rokov kočovania, sa jej podarilo zapísať a získať miesto na akedémií. Ďalej už bolo je len na nej, aby sa tu udržala a presvedčila všetkých, že práve sem patrí – a to sa jej aj darí. Vždy nadšená, veselá a s nádejou v očiach pôsobí ako niekto, kto má za sebou dlhé roky ciest, no konečne našiel bezpečné miesto na odpočinok. A aj keď príde čas vyraziť do nebezpečenstva, berie to s úsmevom a teší sa čo ten zážitok prinesie.
Skratrulgondiam|Popravca|Skratrulgondiam|None|None|Goblin|Blood Hunter|Ogramište|Vlk|19|Živý|---|Lovec študent - Skupina 750~3|Pre goblina je ťažké získať prijatie, a on to veľmi dobre vie. Hoci časy goblinských plienení sú dávno preč, stále sa na jeho ľud pozerá s nedôverou a odporom. On sám si je tejto stigmy plne vedomý, no namiesto popierania využíva svoje vrodené, nebezpečné stránky – obracia ich v zbraň, ktorá mu pomáha stať sa lepším lovcom. V rozhovoroch pôsobí zdrhavo, málokedy prezradí viac, než je nevyhnutné, a zbytočné priateľstvá si nehľadá. Väčšinou len mlčky pozoruje, čo iným nebýva príjemné a preto často trávi čas sám. Ale je malý a nenápadný, často ho ani nevidieť. Neraz poreto počul niečo čo nemal a ani sám nechcel.
Princ-Lanc-Rueox|Krotiteľ|Lanc Rueox|None|Golden Boy of the Crown|Half-Elf (High)|Paladin|Jazierchat|Kybad|23|Živý|Markíz|Lovec študent - Skupina 750~4|Jeho veličenstvo, markíz Lanc Rueox, syn tunajšieho kráľa, ktorého však koruna pravdepodobne nikdy nečaká. Trón pripadá prednostne elfom či pol-elfom, aby ich vláda trvala dlhšie, než by zvládol smrteľný človek. Práve preto sa Lanc rozhodol zapísať na Akadémiu lovcov – dúfa, že ak sa ukáže ako schopný a získa si meno, otvorí sa mu cesta k titulu. V skutočnosti je však dosť rozhýčkaný a na rozdiel od ostatných študentov sa ako jediný objavil so svojím vlastným ochrancom. Ten bol prinútený nastúpiť spolu s ním a zúčastniť sa všetkých podujatí – vrátane bojov – len preto, že si to mladý, namyslený markíz želal. A tak všade, kde sa objaví Lanc Rueox, stojí verne po jeho boku aj jeho osobný strážca.
Baron-Valér-Sartén|Ochranca|Valér Sartén|None|None|Human|Wizard|Sostrov|Geles|29|Živý|Baron|Lovec študent - Skupina 750~4|Mladý barón, ktorého meno je rovnako známe pre jeho bohatstvo, ako aj pre jeho správanie. Je vysoko vzdelaný mág, no jeho vedomosti sprevádza egoizmus a povýšenosť. Neustále si potrebuje dokazovať vlastnú nadradenosť a málokedy prihliada na pocity iných – preňho je dôležitejšie víťazstvo než vzťahy. Zo všetkých problémov sa vie vyplatiť, či už peniazmi alebo vplyvom, a „nie“ je preňho slovo, ktoré jednoducho neexistuje. Je prehnane bohatý a dáva to najavo – od šiat až po nástroje, ktorými sa obklopuje. Kvalita je preňho samozrejmosťou a nič menej neprijíma. V očiach ostatných možno pôsobí namyslene, ale nikto s tým nič nepraví lebo dostať na jeho zlú stránku znamená dostať sa navždy do problémov.
Princezna-Lejla-Fier'Nuano|Znalec|Lejla Fier˜Nuano|None|None|Aasimar|Sorcerer|Lesohaj|Zylhana|27|Živá|Princezna|Lovec študent - Skupina 750~4|V jej duši horí svetlo anjelských bytostí, no srdce má pevne spútané povinnosťou. Princezná, ktorá nedokáže len sedieť v paláci a čakať na princa, sa rozhodla kráčať vlastnou cestou. Na seba kladie prehnane vysoké nároky – verí, že je jej poslaním liečiť a uzdravovať svet. Je obdarená liečiteľským nadaním, no dobre vie, že samotný dar nestačí. Preto študuje, hľadá a skúša získať vedomosti i moc, aby mohla svoje poslanie naplniť. Túži po spoločníkoch, ktorí jej budú stáť po boku, a po talente, ktorý dokáže zosilniť jej snahu.
Vojvodkina-Timea-Rolova|Popravca|Timea Rolova|None|None|Human|Fighter|Severana|Rarex|24|Živá|Vojvodkyňa|Lovec študent - Skupina 750~4|Netreba sa nechať zmiasť jej titulom – vojvodkyňa Timea nikdy nestála v riadnej vojne. S príšerami však bojovala od detstva, keď ju jej najlepší inštruktori trénovali priamo na živých monštrách. Práve tam objavila záľubu v ich pobíjaní a hneď ako to bolo možné, pridala sa k univerzite lovcov. Jej cieľom nie je len príšery poraziť, ale aj užívať si samotný akt boja. Timea je sebavedomá, až arogantne presvedčená o svojej neporaziteľnosti. Dokáže byť milá k ostatným, no často len preto, aby si z blízka mohla užiť ich obdiv a vypočuť si chválu, keď ukáže, čo dokáže.
Zeman-Walandrio-Strygus|Absorber|Walandrio Strygus|None|None|Half-Elf (Human)|Ranger|Pieskostan|Errasa|45|Živý|Zeman|Lovec študent - Skupina 750~4|Walandrio pochádza z ušľachtilého rodu elfov, no jeho meno vždy nieslo ťarchu hanby – je totiž bastardom. Napriek tomu bol slušne vychovaný a skúsenosťami si vydobyl miesto v spoločnosti. Ako radca veliteľa mestských stráží sa osvedčil natoľko, že získal titul zemana, čím prekonal mnohé predsudky. Na univerzitu sa však neprihlásil pre prestíž, ale až vtedy, keď na vlastné oči uvidel, aké nebezpečné a mocné dokážu byť príšery. Dobre chápe, že postavenie a rod neochránia pred ich silou – a práve preto hľadá cestu, ako sa im postaviť ako lovec.
Zori-Trouble|Absorber|Zori Misfit|None|None|Tiefling|Warlock|Tmavohmla|Atheista|22|Živý|---|Lovec študent - Skupina 750~5|O tejto postave aktuálne nie je tak veľa známe.
Teodor-Vonhohenberg|Popravca|Teodor Von Hohenberg|None|None|Human|Fighter|Jazierchat|Zekkil|24|Živý|---|Lovec študent - Skupina 750~5|Určite vám niečo hovorí meno Vonhohenberg. Ide o známy rod z Dolinoraja, ktorý kedysi patril medzi ochrancov tohto mesta. Mali na starosti strážne veže, sledovali možné hrozby a práve im sa pripisuje vina za jeho pád do rúk príšer.<br>Je to zároveň pravda a zároveň nefér tvrdenie. Príšer bolo nesmierne veľa. Rod Vonhohenberg zmobilizoval jednotky, bojoval a ako jeden z prvých padal na bojisku. Prežili len tí najmladší, ktorí si ešte ani nemohli spomenúť na to, čo všetko ich predkovia obetovali, akí boli ani ako vyzerali.<br>Deti, ktorým ostalo len meno, a hanba, s ktorou sa na nich ostatní odvtedy pozerali.<br>Dnes tu stojí nová tvár tohto rodu, Teodor Vonhohenberg. Snaží sa napraviť krivdu, ktorá na ich mene spočíva. Rovnako ako jeho predkovia aj on sa hlási do akadémie, odhodlaný napraviť reputáciu svojho rodu a zároveň pomôcť svetu.
lorberth-Forespear|Krotiteľ|lorberth Forespear|None|None|Human|Bard|Severana|Odizan|26|Mŕtvy|---|Lovec študent - Skupina 750~5|O tejto postave aktuálne nie je tak veľa známe.
Nagi-Rabdos|Ochranca|Nagi Rabdos|None|None|Aasimar|Sorcerer|Juhiera|Axon|19|Živá|---|Lovec študent - Skupina 750~5|O tejto postave aktuálne nie je tak veľa známe.
Page-Meadow|Znalec|Page Meadow|None|None|Halken|Wizard|Jazierchat|Mirlo|23|Živá|---|Lovec študent - Skupina 750~5|O tejto postave aktuálne nie je tak veľa známe.
Nikolaj-Ishak|Popravca|Nikolaj Ishak|None|None|Dwarf (Brewer)|Cleric|Skalodom|Zuglar|105|Živý|---|Lovec študent - Skupina 705~5, Križiak|O tejto postave aktuálne nie je tak veľa známe.
Keaton-Kundič|Absorber|Keaton Kundič|None|None|Human|Cleric|Jazierchat|Harvien|35|Mŕtvy|---|Lovec študent - Skupina 705~5|O tejto postave aktuálne nie je tak veľa známe.
Grimoira-Maloque|Znalec|Grimoira Maloque|None|None|Halken|Wizard|Juhiera|Mirlo|33|Mŕtva|---|Lovec študent - Skupina 705~5|O tejto postave aktuálne nie je tak veľa známe.
Quinn-Mursa|Bohovia|Quinn Mursa|Stále neviem či je to dar alebo prekliate, ale jedno viem s istotou, len sa tak sa ma nezbavíte.|None|Human (Demigod)|Fighter|Dolinoraj|Axon|1282|Živý|Lady, Kráľovná, Vojvodkyňa, Magistra ...|Legenda|Polobohovia sa rodia od nepamäti, od chvíle, keď sa na svete objavili prví ľudia. No Quinn bola od začiatku iná než ostatní. Nebola oslnivo silná, neovládala žiadny zrejmý element a príroda sa k nej neskláňala s ochotou, akú poznali iní jej druhu. Jej dar nebol viditeľný na prvý pohľad – bol tichý, skrytý, takmer nepochopiteľný. Mnohí spočiatku pochybovali, či je vôbec polobohyňou. Až čas ukázal pravdu. Prežila svojich rodičov, svojich súrodencou i ich deti, prežila dokonca aj elfov, ktorí sa narodili v rovnakom období ako ona, a napriek tomu kráčala ďalej, nezmenená, neúnavná a však sama. Quinn nikdy nemala vlastné deti, nevedno prečo, a generácie potomkov sa pre ňu stali neznámi ľudia...<br><br>Quinn sa narodila ešte pred príchodom monštier, no keď sa objavili, neváhala a postavila sa im. Stala sa bojovníčkou a postupne aj legendou, počas svojho dlhého života sa stala mnohým, isté obodie dokonca aj kráľovnou. Za posledných pár desať ročí ju však poriadne nikto nevidel. Jej prítomnosť vo svete zoslabla, akoby sa rozplynula medzi príbehmi a spomienkami, no nikto skutočne neverí, že zmizla. Nemohla zomrieť. Každé zranenie prekonala, každú ranu prežila a zakaždým vstala znova aj keď ju prebodli ako upíra, aj keď padla z útesu, dokonca prežila aj pád Dolinoraju. Tak teraz všetci len čakajú, kde a kedy sa zjaví najbližšie, dokonca sa na to dá aj vsadiť.
Gregor-Grats|Ochranca|Gregori Grats|Tie malé radosti sú tie najpodstatnejšie.|None|Human|Paladin|Jazierchat|Saci|30(55)|Mŕtvy|Hed|Lovec|Ako prvorodený syn Boralda Grats bol na Gregoriho už od mala vyvíjaný tlak. Mal byť ten najlepší lovec. Skôr ako vedel chodiť, otec ho už naučil držať kopiju. Keď mal Gregori štyri roky situácia sa ešte zhoršila, jeho otec bol vážne zranený a nemohol loviť. Všetok svoj čas teda venoval tréningu svojho syna. Každý deň bol to isté, vstať, bojovať s otcom, behať, skákať, loziť, jesť a spať. Gregoriho to nikdy nebavilo ale nič iné nepoznal a keďže jeho otec aj zranený bol pre Gregoriho stále silný ako Titan a výbušný ako sopka, Gregori mu nikdy neoponoval. Veci sa zmenili až keď mal Gregori 7 rokov, vtedy sa mu narodil brat Bolyvar. Otec venoval viac pozornosti aj mladšiemu synovi a príprave na jeho tréning. Gregori tým získal voľný čas počas dňa, otec ho síce poslal trénovať ale už ho stále nekontroloval. Gregori to využil a začal objavovať svet, v tomto období spoznal aj skutočnú detskú radosť a rozhodol sa, že ju bude šíriť ďalej. Svoje srdce vložil do rúk Saciho, ten ho na oplátku prijal ako svojho Paladina. Gregori od vtedy so sebou všade nosil dobrú náladu a nenechal si ju pokaziť ani otcovým tréningom. Pomáhal bratom a vždy im počas ťažkých dní plných tréningu priniesol nejaké to rozveselenie. Keď prišiel čas Gregori išiel do akadémie, rástol ako lovec ale nikdy ho to plne nebavilo. Čo ho bavilo bolo pomáhať iným a prinášať im úsmev. Gregori zahynul vo veku 30 rokov na love s Bolyvarom.
Borald-Grats|Popravca|Borald Grats|Utrpenie je cesta k skutočnej sile!|None|Human|Barbarian|Jazierchat|Kybad|58|Mŕtvy|Jäger|Lovec|Borald Grats pochádzal z rodiny obuvníkov, nikdy ho však toto remeslo nebavilo. Už od mala vzhliadal na vysoké múry akadémie ako na nedobytný palác kam sa chcel dostať. Lovci boli pre neho ty najsilnejší a najschopnejší, boli to hrdinovia hrdinov. Chcel byť ako oni ale nemal na to, jeho otec bol proti a matka ich opustila. Borald bol frustrovaný a nespokojný. V meste sa dostával do konfliktov a neraz došiel domov zbití. Nebil sa však len tak na ulici ale zarábal si ako zápasník. Tu objavil ako efektívne sa dajú využiť potlačené emócie v boji. A tu začal následovať legendu Gregora Von Hohenberga. <br><br> Keď to otec zistil vyhodil ho z domu. Boraldovi to však bolo jedno, nikdy sa za otcom nevrátil, mal čosi nasporené a šťastie skúsil na akadémií. Prijali ho a ako lovec precestoval celý svet, nikdy však nebol najlepší lovec a to ho frustrovalo stále viac riskoval a tlačil svoje hranice, keď to raz prehnal a utrpel vážne zranenie, svoju posadlosť prenášal aj na synov. Bolyvar bol jeho úspech, syn v ktorom videl seba a cez neho si splnil sen. To ho ale nenaplnilo tak aby čakal, snažil sa preto ešte vrátiť ako lovec späť ale zranené telo nestačilo a pri obrane Juhiery získal ďalšie vážne zranenie z ktorého sa už nespamätal a vo veku 58 rokov zomrel.
Kuristoon-Maloque|Znalec|Kuristoon Maloque|None|None|empty|empty|empty|empty|328|Živý|Jäger|Lovec Skupina 485|empty
Elnarie-Huf'Hof|Popravca|Elnarie Huf'Hof|None|None|empty|empty|empty|empty|289|Živá|Jäger|Lovec Skupina 725|empty
Lucius-VonHohenberg|Absorber|Lucius Von Hohenberg|None|None|Human|Fighter|Jazierchat|Errasa|35|Mŕtvy|Jäger|Lovec Skupina 725|Patril pod skupinu Vasila, počas jednej výpravy sa veci úplne vymkli kontrole. Vasil sa snažil zachrániť skupinu lebo Unae už bola vážne ranená. Lenže Vasil ostal sám odokrytý, smeroval na a neho útok druhého monštra, Lucius vbehol na pomoc Vasilovi a dosť toho aj vykryl ale nie všetko a práve tu dostal fatálne zranenie. Otvoril ale možnosť útoku pre ostatných a monštrum zničili. Lucius bol absorber ale zomrel ako ochranca. Ako to suvisí s ludvikom? Nebyť Luciusa skonal by Vasil a nebyť Vasila skonala by Unae a bez Unae by tu nebol Ludvik.
Orctar-Niu'Lia|Popravca|Orctar Niu'Lia|None|None|Half-Orc (Human)|Ranger|Stromoraj|Errasa|55|Živý|Jäger|Lovec Skupina 725|empty
Unae-Luh'egufa|Ochranca|Unae Luh'egufa|None|None|Half-Elf (High)|Fighter|Stromoraj|empty|50|Živá|Jäger|Lovec Skupina 725|empty
Ortelia-Ia'nakiel|Znalec|Ortelia Ia'nakiel|None|None|Elf (High)|Wizard|Juhiera|empty|293|Živá|Jäger|Lovec Skupina 725|empty
Genta-Rabdos|Popravca|Genta Rabdos|None|None|Human|Barbarian|Juhiera|Hellia|41|Živá|Jäger|Lovec Skupina 730|empty
Targeria-Uroqal|Znalec|Targeria Uroqal|None|None|empty|empty|empty|empty|43|Živá|Jäger|Lovec Skupina 730 |empty
Uhoboz-Muniop|Krotiteľ|Uhoboz Muniop|None|None|empty|empty|empty|empty|56|Živý|Jäger|Lovec Skupina 730 |empty
Fúhš|Znalec|Fúhš|None|None|empty|empty|empty|empty|105|Živý|Jäger|Lovec Skupina 735|empty
Gema-Vrba|Krotiteľ|Gema Vrba|None|None|empty|empty|empty|empty|36|Živá|Jäger|Lovec Skupina 735|empty
Thomas-Vyt|Popravca|Thomas Vyt|None|None|Shifter|Ranger|Lesohaj|Ursox|37|Živý|Jäger|Lovec študent – Skupina 735|empty
FrederickSagar|Ochranca|Frederick Sagar|None|None|Drakarim|Monk|Ogramište|Bland|40|Živý|Jäger|Monk, Lovec študent - Skupina 735|empty
Vašek-Kováčik|Znalec|Vašek Kováčik|None|Wizard of Heavy Metal|Human|Wizard|Granulia|Eirich|64|Živý|Jäger|Lovec skupiny 705|empty
Vasil-Calson|Absorber|Vasil Calson|Dobrý nápad, tvrdá hlava a silná vôla dokáže viac než slepá dôvera v príkaz. |Cyan Legend|Human|Spectral Knight|Severana|Vallor|68|Živý|Jäger|Spectral Knight Cyan, Lovec skupiny 705|Vasil Calson, zvaný Hviezda, je Rytier tyrkysového svetla a jeden z najznámejších lovcov svojej generácie. Tyrkysové svetlo je medzi rytiermi spojené s prúdom prispôsobenia a schopnosťou meniť sa skôr, než sa zmení bojisko. Práve táto vzácnosť z Vasila robí nielen rytiera svetla, ale aj vysoko adaptívneho bojovníka. <br><br> Od detstva túžil byť lovcom. Rytieri svetla boli vznešení, jedineční lebo sú viazaní krvou, no Vasil veril, že lovci sú potrební tam, kde ľudia skutočne krvácajú. Preto sa hádal s otcom aj rádom, až kým im nezostalo nič iné, než ustúpiť. Vasil sa totiž aj bez povolenia vrhal do bojov s príšerami a svojimi skutkami robil rytierom svetla dobré meno. <br><br> Čas ukázal, že to bolo správne rozhodnutie. Ako rytier tyrkysového svetla dokázal Vasil meniť svoje konštrukty rýchlejšie, než iní lovci menili zbrane. Tam, kde iný siahal po kladive, Vasil už udieral kovadlinou. Tam, kde iný prebíjal kušu, on vypustil sériu tyrkysových šípov. A keď sila nestačila, premenil šípy na popruhy, reťaze či putá, ktoré príšeru zastavili skôr, než mohla znova zaútočiť. <br><br> Vasil nebol dokonalý, ale bol neobyčajne prispôsobivý. Ak niečo nevyšlo, zmenil rytmus, zbraň, plán aj úsmev. Nebol silný len v boji, ale aj v slove, a práve preto jeho sláva rástla rýchlejšie než legendy o ňom. Jeho podpísané plagáty majú dodnes vysokú hodnotu a jeden z nich ho zachytáva vo chvíli mimo bojiska, keď sa mu ženy doslova hádžu pod nohy. <br><br> Napriek všetkej sláve však Vasil zatiaľ nezvládol jednu vec, ktorá je pre rytierov svetla najdôležitejšia... zabezpečiť pokračovanie krvnej línie. Bez potomka môže tyrkysové svetlo vyhasnúť, a keďže červený rod už zhasol, rádu by zostali už len štyri rody. Kým však Vasil žije, stále svieti aj nádej, že Hviezda ešte nezhasne. 
Richtor-Derueox|Ochranca|Richtor Derueox|None|None|empty|empty|empty|empty|59|Živý|Jäger|Lovec skupiny 715|empty
Viliam-Rozsipal|Absorber|Viliam Rozsipal|None|None|Human|Fighter|Jazierchat|Errasa|57|Živý|Jäger|Lovec skupiny 715|empty
Valiana-Kajna|Bohovia, Absorber|Valiana Kajna|Nikto nie je dokonalý ani ty, ani ja, ani lovci a ani bohovia. |The Road of Valiana Kajna|Elf|Cleric|Juhiera|Syrvaad|326|Živá|Jäger|Lovec skupiny 715, High Priestess|empty
Claus-Erldikt|Znalec|Claus Erldikt|None|None|Human|Wizard|Chladohrad|Zurro|81|Živý|Jäger|Lovec študent - Skupina 705|empty
Diagor-Dragovič|Absorber|Diagor Dragovič|None|Wrath of the Diagor|Human|Druid|Lesohaj|Kybad|50|Živý|empty|Odpadlík, Lovec študent - Skupina 725|empty
Vladislav-Marinovič|Ochranca|Vladislav Marinovič|None|None|Human|Warlock|Tmavohmla|Uaqaeht|42|Živý|Jäger|Lovec študent - Skupina 730|empty
Ukulea-Straka|Absorber|Ukulea Straka|None|None|Human|Druid|Pieskostan|Haset|33|Živá|Hed|Lovec študent - Skupina 735~1|Description
Eliaš-Rudla|Popravca|Eliaš Rudla|None|None|Human|Blood Hunter|Sostrov|Ursox|34|Živý|Hed|Lovec študent - Skupina 735~1|Description
Arthur-Lotekam|Krotiteľ|Arthur Lotekam Kováčik|None|None|Race|Focus|Origin|God|36|Živý|Hed|Lovec študent - Skupina 735~1|Description
Andre-Ako|Ochranca|Andre Ako|None|None|Race|Focus|Origin|God|40|Živý|Hed|Lovec študent - Skupina 735~1|Description
Lesana-Ial'Nalar|Znalec|Lesana Ial'Nalar|None|None|Elf|Focus|Origin|God|120|Živá|Hed|Lovec študent - Skupina 735~1|Description
Darina-Kold|Absorber|Darina Kold|None|Queen of the Commotion|Human|Blood Hunter|Severana|Decon|27|Živá|Hed|Lovec študent - Skupina 740~0|Najmladší žijúci potomok Dextera Kolda. Darina je odhodlaný absorver a známa svojou prekvapivo vrkavou povahou.
Darius-Kulukala|Popravca|Darius Kulukala – Halfforged|None|Half-Forged Prayer|Human|Monk|Sostrov|Zekkil|32|Živý|Hed|Lovec študent - Skupina 740~0|Darius pri jednom z lovou utrpel extrémne zranenia. Jeho trup a horná časť tela bola takmer celá rozpustená v žieravine. Na mieste nebol žiaden schopný liečiteľ a tak Marcel ohýbal zákony mechaniky a organiky aby Dariusa zachránil pred istou smrťou. To zachránilo Dariusovi život ale zranenia ostali tak zapečatené, že pokus o otvorenie a vyliečenie by ho s najväčšou pravdepodobnosťou stál život. Preto je Darius zvaný Halfforged. Jeho ruky a horná časť tela sú tvorené mechanickou schránkou, ktorá mu dáva schopnosti neporovnateľné s bežnými ľuďmi, ale jeho dotyk je chladný a hmat neexistujúci.
Ľubomíra-Vrba|Krotiteľ|Ľubomíra Vrba|None|Secrets in the Raincoat|Human|Sorcerer|Juhiera||30|Živá|Hed|Lovec študent - Skupina 740~0|Charizmatická ale zdráhavá. Dá sa jej všetko povedať a ona si osobu rada vypočuje ale tajnosti prevažne neudrží. 
Marcel-Granulia|Ochranca|Marcel Granulia|None|Marcels Wires and Whispers|Human|Artificier|Pieskostan|Chirnird|28|Živý|Hed|Lovec študent - Skupina 740~0|Svoju cestu začal za trest, schopný zamozvanec, ktorý si mohol vybrať vezenie a práce alebo cestu lovca. Rozhodnutie to nebolo ťažké keďže lovec má prístup aj k náradiu a väčšiu voľnosť. Marcel sa zameriaval na rôzne zlepšováky ale po Dariusovych zraneniach sa dnes hlavne zameriava na zlepšovanie bio-mechanických náhrad.  
Leonard-Arjek|Znalec|Leonard Arjek|None|The Measure of the Flame|Human|Wizard|Juhiera|Zylhana|27|Živý|Hed|Lovec študent - Skupina 740~0|Znalec od malička, ešte nebol na akadémý a už s príbehov určoval silné a slabé body. S mágiou v knihe a precíznym prístupom je to vysoko kvalifikovaný lovec.
Caelthir-Vaelorian|Absorber|Caelthir Vaelorian|None|None|Elf (High)|Sorcerer|Stromoraj|God|132|Živý|Hed|Lovec študent - Skupina 740~1|Description
Morga-Dakrad|Popravca|Morga Dakrad|None|None|Orc|Barbarian|Granulia|Tiny|24|Živá|Hed|Lovec študent - Skupina 740~1|Na pomery Barbarov a obzvlášť orcských je to veľmi spôsobivá dáma ale v boji je divoká ako rieka, za búrky, na jar, keď sa topia ľady..
Lavri-Oblag|Krotiteľ|Lavri Oblag   Modelka|None|Lavri - Beauty and Brain|Human|Wizard|Juhiera|Zael|29|Živá|Hed|Lovec študent - Skupina 740~1|Ak niekto nepozná Lavri tak musí byť slepý. Jej zobrazenia sú v každom meste a fakt, že je ťažké ich prehliadnuť. Netreba sa však nechať oklamať jej vzhľadom a vystupovaním, skrýva sa v nej viac než prvý, druhý či tretí pohľad odhalí, to vedia najmä tý, ktorý sa dostali na jej zlú stranu.
Majky-Neon|Ochranca|Majky Neon|None|None|Gnome|Artificier|Granulia|Hozrir|53|Živý|Hed, Iar (Titul pre druida v Lesoch Života) |Lovec študent - Skupina 740~1|Začal v malom, len plát na hrudi a rukavica ale postupne svoju zbroj zdokonaloval, skrutka za skrutkou, plát po pláte a stál sa z neho „Mechanický Goliat“. Dnes je jeho zbroj známejšia než Majky, niektorý si ani neuvedomujú, že je zbroj je nástroj a nie bytosť. Ale ako každý nástroj je aj zbroj efektívne len tak ako ten čo ju využíva a Majky je využíva vždy naplno.  
Theresa-Thlavinova|Znalec|Theresa Thlavinova|None|None|Half-Elf|Sorcerer|Lesohaj|Mirlo|33|Živá|Hed|Lovec študent - Skupina 740~1|Description
Velimira-Modrislava-Malinova_2026|Znalec|Velimira Modrislava Malinova   Modra|Ako to, že mágia je tým viac vzrušujúca čím bližšie pri sebe stojíme?|Azure Temptation|Human|Wizard|Jazierchat|None|26|Živá|Hed|Lovec študent - Skupina 740~2|Velimira Modislava Malinova je čarodejka, krajčírka, učená lovkyňa a žena, ktorá sa naučila premeniť hanbu na štýl. Vyrastala medzi sirotincami a náhradnými domovmi, odkiaľ ju často vracali pre nestabilné magické výboje, ktoré ako dieťa nevedela ovládať. Už skoro sa naučila cítiť ako niečo dočasné, nebezpečné a nechcené.  Na akadémiu prišla ako mladé dievča s pocitom, že medzi skutočných lovcov nepatrí. Ostatní pôsobili odvážnejšie, silnejšie a istejšie, zatiaľ čo ona mala iba rozum, mágiu a tvrdohlavú snahu nezmiznúť. Časom si vybudovala meno schopnej huntress, no strach, že len hrá rolu niekoho dôležitého, v nej nikdy úplne neutíchol.  Jej ikonický modrý prameň vlasov je znakom všetkého, čo sa kedysi snažila skryť. Pokúšala sa ho prekryť farbou aj vlastným štýlom, no nakoniec sa stal jej podpisom. Nie chybou, ale dôkazom, že niektoré časti človeka nemožno potlačiť ani mágiou, ani hanbou.  Velimira berie mágiu ako remeslo. Kúzla sú pre ňu stehy, vzorce ako strihy látky a bojisko ako drahé plátno, do ktorého treba rezať presne. Vie byť jemná, vtipná, elegantná a starostlivá, no keď je ohrozená, stáva sa desivo sústredenou. Krutosťou pohŕda, ale ak verí, že tým zabráni väčšiemu zlu, dokáže použiť aj morálne sivé metódy.  Ľudí si nepúšťa k srdcu ľahko. Rada očarí miestnosť, rozosmeje spoločnosť a nechá ostatných obdivovať jej krásu, rozum aj štýl, no za tým všetkým je niekto, kto sa stále bojí, že po skončení predstavenia nebude dosť. Túži byť zvolená slobodne, nie z ľútosti, povinnosti alebo posadnutosti.  Pre svojich študentov nie je len učiteľkou. Sú pre ňu zodpovednosťou aj pripomienkou dievčaťa, ktorým kedysi bola. Vie byť prísna, pretože svet za múrmi akadémie nie je jemný, ale nikdy ich nevníma ako nástroje. Chce, aby prežili, zosilneli a nestali sa otrokmi vlastného strachu.  Velimira nechce byť iba slávna, užitočná alebo obdivovaná. Chce byť nepopierateľná. Chce meno, ktoré sa nedá vymazať, a zároveň niečo omnoho jednoduchšie — miesto, človeka alebo rodinu, pri ktorých by konečne cítila, že bola dosť už od začiatku. 
Anaria-Argentum|Krotiteľ|Anaria Argentum   Búrka|None|None|Genasi|Sorcerer|Sostrov|Rarex|33|Živá|Hed|Lovec študent - Skupina 740~2|empty
Hekdor-Kovadlina-Kovalsky|Ochranca|Hekdor Kovalsky   Kovadlina|Netráp sa tým, stále to môžeš skúsiť znova.|Hekdor, Between Sky and Stone|Human (Demigod)|Paladin|Jazierchat|Dridras|32|Živý|Hed|Lovec študent - Skupina 740~2|Hekdor Kovadlina Kovalsky je poloboh, paladin a syn Kybáda, boha zeme a magmy. Rovnako ako legendárni hrdinovia starých čias, aj on je neustále skúšaný bohmi. Každá výzva má preveriť, či je hodný svojej krvi, svojho mena a sily, ktorú v sebe nesie. Hekdor sa však nesnaží byť dokonalý. Snaží sa nezlyhať vtedy, keď na ňom záleží najviac.<br><br>Hoci je jeho otcom Kybád, Hekdorova viera patrí najmä Dridrasovi, bohu kovobrábania a patrónovi kováčov. Jeho matka bola smrteľná kováčka, ktorá Dridrasa celý život uznávala, a práve cez ňu Hekdor pochopil, že sila nemá byť len lávou a úderom, ale aj remeslom, trpezlivosťou a poctivou prácou. Preto jeho paladinská viera nestojí len na božskej krvi, ale na kovárskej cti.<br><br>Prezývku Kovadlina získal preto, že v jeho rukách sa dá skutočne kovať. Dlane dokáže rozpáliť ako magma jeho otca Kybáda a svaly má pevné ako železo pod kladivom. Nie je len bojovník, ktorý drží zbraň. Je sám nástrojom kovárne — kovadlina, oheň aj úder v jednom tele.<br><br>Hekdor má aj nevlastného brata, Kratola Uroqula, ďalšieho známeho syna Kybáda. Cez Kratola je s jeho životom spätá aj Xenia Uroqal, Kratolova sestra z matkinej strany, ktorá stojí v Hekdorovom tíme. Spolu s ňou patria medzi jeho najdôležitejších ľudí Erik Kolt, Velimira a Anaria. Nie sú preňho iba spolubojovníci. Sú to tí, ktorí mu pomohli prežiť prvé skúšky, zosilnieť a stať sa hrdinom, akým dnes je.<br><br>Preto keď niekto z nich potrebuje pomoc, Hekdor pri ňom stojí bez váhania. Je tvrdý ako kovadlina, ale srdcom zostáva dobrý chlap a skvelý brat. Jeho sila nie je len v božskom pôvode, ale v tom, že ju používa pre ľudí, ktorých miluje.
Xenia-Uroqal|Absorber|Xenia Uroqal   Strela|None|None|Human|Fighter|Pieskostan|None|29|Živá|Hed|Lovec študent - Skupina 740~2|empty
Erik-Kolt|Popravca|Erik Kolt   Vojak|Všetko je o príprave.|The Green Coat of Erik Kolt|Human|Fighter|Jazierchat|Revion|35|Živý|Hed|Lovec študent - Skupina 740~2|Erik Kolt pochádza zo starej zbrojárskej línie Koltovcov, rodiny, ktorej meno je spojené s prvými veľkými pokrokmi v strelných zbraniach. Pre Erika nie je zbraň len nástroj. Je to dedičstvo, zodpovednosť a dôkaz disciplíny. Každý jeho výstrel má byť presný, čistý a premyslený.  Na rozdiel od svojho staršieho brata Damiana nebojuje inštinktom, ale výpočtom. Damian vystrelí, keď cíti správny okamih. Erik čaká, kým si ho vytvorí. Nikdy neplytvá nábojmi, nikdy sa nespolieha na šťastie a každú chybu si pamätá dlhšie, než by mal.  Hoci je schopný, disciplinovaný a často technicky lepší strelec, stále žije v Damianovom tieni. To, že jeho brat pôsobí ako prirodzený hrdina, Erika ženie dopredu, ale zároveň ho pomaly zatvrdzuje. Namiesto toho, aby po zlyhaní ustúpil, pracuje ešte tvrdšie, čistí svoje zbrane, prepočítava taktiky a hľadá dokonalosť tam, kde iní už dávno prestali.  Jeho typickou zbraňou je Kolt Eisenwolf, presná a dôkladne upravená pištoľ s väčším dostrelom a vnútorným zásobníkom. Nie je to zbraň na hlučné ničenie ako Damianov Thunderstrike. Eisenwolf je nástroj pre strelca, ktorý sa nehýbe, nedýcha a čaká na jediný dokonalý výstrel.  Erik pôsobí chladne, prísne a bez humoru, no nie je bezcitný. Na svoj tím je tvrdý, pretože sa bojí, že jediná chyba ich môže stáť život. Paradoxne práve ich chaos mu niekedy ukazuje, že víťazstvo nemusí byť vždy dokonale vypočítané. Erik však stále túži dokázať jedno — že aj on môže byť prvý v niečom, na čom skutočne záleží. 
Mishel-Regebe|Absorber|Mishel Regebe|None|None|Human|Warlock|Pieskostan|Harvien|30|Živá|Hed|Lovec študent - Skupina 740~3|Description
Arianna-Arconia|Popravca|Arianna Arconia|None|None|Human|Warlock|Juhiera|Vacan|29|Živá|Hed|Lovec študent - Skupina 740~3|Description
Laestarien-Huf'paftin|Krotiteľ|Laestarien Huf'paftin|None|None|Elf|Fighter|Juhiera|Uriqen|39|Živá|Hed|Lovec študent - Skupina 740~3|Description
Purrtrick-Lung|Ochranca|Purrtrick Lung|None|None|Tabaxi|Fighter|Lesy Života|Levoslav|31|Živý|Hed|Lovec študent - Skupina 740~3|Description
Nathaniel-Arachnit|Znalec|Nathaniel Arachnit|None|None|Human|Rogue|Jazierchat|Haš|32|Živý|Hed|Lovec študent - Skupina 740~3|Description
Dandaria-Bohova|Absorber|Dandaria Bohova|None|None|Human|Barbarian|Severana|Tamyda|32|Živá|Hed|Lovec študent - Skupina 740~4|Description
Tod|Popravca|Tod   Tichoš|None|None|Human?|Rogue?|???|???|???|Živý|Hed|Lovec študent - Skupina 740~4|Description
Valanari-Letkova|Ochranca|Valanari Letkova|None|None|Half-Elf|Monk|Granulia|Zedrad  |29|Živá|Hed|Lovec študent - Skupina 740~4|Description
Miloš-Ocelík|Znalec|Miloš Ocelík|None|None|Dwarf (Jeweler)|Bard|Skalodom|Rundrur|95|Živý|Hed|Lovec študent - Skupina 740~4|Description
Alexander-Juhierny|Znalec|Alexander Juhierny|None|None|Human|Wizard|Juhiera|Drercur|32|Živý|Hed|Lovec študent - Skupina 740~4|Description
Eryk-Wysocki|Absorber|Eryk Wysocki|None|None|Human|Fighter|Sostrov|Errasa|19|Mŕtvy|Skaut|Lovec študent - Skupina 740~5|Description
Tomasz-Iskrał|Popravca|Tomasz Iskrał|None|None|Gnome|Rogue|Granulia|Humplard|43|Mŕtvy|Skaut|Lovec študent - Skupina 740~5|Description
Silvie-Havranová|Krotiteľ|Silvie Havranová|None|None|Half-Elf|Sorcerer|Juhiera|Ralogolor|21|Mŕtva|Skaut|Lovec študent - Skupina 740~5|Description
Bran-Durník|Ochranca|Bran Durník|None|None|Dwarf|Paladin|Skalodom|Ghodlon|55|Mŕtvy|Skaut|Lovec študent - Skupina 740~5|Description
Kargan-Iskier|Znalec|Kargan Iskier|None|None|Human|Wizard|Jazierchat|Hellia|28|Živý|Skaut|Ex-študent - Skupina 740~5, Správca knižnice Jazierchatu|Kargan Iskier, tiež zvaný Strážca Iskry, je knihovník, poradca a bývalý mág, ktorý sa po tragédii vzdal vlastnej sily. Kedysi viedol skupinu mladých dobrodruhov a počas boja v jaskyni správne odhalil slabinu príšery na hrom. Jeho kúzlo monštrum zabilo, no zároveň rozbilo oslabené steny jaskyne a pochovalo jeho spojencov. Prežil iba Kargan.  Odvtedy nedokáže vedome používať mágiu. Pri každom pokuse sa mu vracia spomienka na posledný výboj, ktorý namiesto záchrany priniesol smrť. Svoje chyby nosí v sebe aj navonok — na stole má ošúchaný portrét svojej starej družiny a každú radu končí slovami, že sa možno mýli.  Dnes pracuje ako učenec a poradca, posilňuje telo aj myseľ, akoby tým chcel nahradiť iskru, ktorú stratil. Lenže jeho moc nezmizla. V spánku sa prebúdza sama. Nočné mory menia jeho potlačenú mágiu na výboje svetla, hromu a horiacich rún, preto spáva pripútaný v magických červených putách nad knižnicou, ďaleko od ostatných.  Kargan je muž, ktorý býva často správny, no už neverí vlastnému úsudku. Jeho meno znamená iskra — a tá v ňom stále horí. Otázkou ostáva, či sa raz znovu rozžiari, alebo ho úplne pohltí. 
Antikus-Grook|Absorber|Antikus Grook|Nie som nič viac než lovec ale ani nič menej.|A Hunter, Nothing More|Human|Fighter|Severana|Oker|32|Živý|Hed|Lovec študent - Skupina 740~6|Description
Bazalt_Tatoo|Popravca|Bazalt|None|None|Goliath|Barbarian|Ruiny Temnoty|Don|35|Živý|Hed|Lovec študent - Skupina 740~6|Description
Maja-Majakova|Krotiteľ|Maja Majakova|None|None|Human|Sorcerer|Juhiera|Nyxoria|31|Živá|Hed|Lovec študent - Skupina 740~6|Description
Mailo-Rudla|Ochranca|Mailo Rudla|None|None|Human|Cleric|Sostrov|Hellia|30|Živý|Hed|Lovec študent - Skupina 740~6|Description
Inge-Čarčoredka|Znalec|Inge Čarčoredka|None|None|Gnome|Artificier|Granulia|Hozrir|60|Živá|Hed|Lovec študent - Skupina 740~6|Description
Daniel-Kravke|Absorber|Daniel Kravke|None|None|Human|Warlock|Jazierchat|Umbriana|31|Živý|Hed|Lovec študent - Skupina 740~7|Description
Krištof-Ausdemtal|Popravca|Krištof Ausdemtal|None|None|Human|Fighter|Jazierchat|Revion|28|Živý|Hed|Lovec študent - Skupina 740~7|Description
Wolfgang-Sumrak|Krotiteľ|Wolfgang Sumrak|None|None|Genasi|Barbarian|Severana|Decon|32|Živý|Hed|Lovec študent - Skupina 740~7|Description
George-Hviezda|Ochranca|George Hviezda|None|Song of George Hviezda|Gnome|Bard|Lesohaj|Beau|82|Živý|Hed|Lovec študent - Skupina 740~7|Description
Krasko-Horenik|Znalec|Krasko Horenik|None|None|Human|Druid|Jazierchat|Gocian|28|Živý|Hed|Lovec študent - Skupina 740~7|Description
Helena-Sajkl|Popravca|Helena Sajkl|None|Helena of the Blooming Blade|Half-Elf|Paladin|Chladohrad|Tamyda|35|Živá|Hed|Lovec študent - Skupina 740~8|empty
Amanda-Okercera|Absorber|Amanda Okercera|None|None|Human|Barbarian|Juhiera|Oker|28|Živá|Hed|Lovec študent - Skupina 740~8|empty
Ervart-Goldschmied|Absorber|Ervart Goldschmied|None|Ervarth - Laugh at the Abyss|Human|Warlock|Jazierchat|Javan|29|Živý|Hed|Lovec študent - Skupina 740~8|empty
Dytria-Grats|Popravca|Dytria Grats|None|The Lion's Daughter|Human|Barbarian|Jazierchat|Javan|29|Živá|Hed|Lovec študent - Skupina 740~8|Dytria Grats je najstaršia vnučka Boralda Gratsa a najstaršia dcéra z poslednej generácie rodu Gratsovcov. Ako jediná zo svojich súrodencov a sesterníc ešte zažila starého otca osobne — a práve on jej vzal detstvo skôr, než vôbec pochopila, čo znamená bojovať.  Krátko po tom, čo sa naučila chodiť a udržať predmet v ruke, jej Borald vložil do ruky dýku a hodil ju do arény s pripraveným levom. Dytria tam takmer zomrela. Prežila len zázrakom, zranená a zjazvená, no živá. Boraldov synovia o tom nevedeli, a keď sa pravda ukázala, rodinné vzťahy sa hlboko narušili.  Od toho dňa už Dytria nebola dieťaťom. Stala sa ďalším nástrojom v Boraldovej posadnutej vízii rodu lovcov príšer. Trofej z leva nosí dodnes na pleci — kožu, srsť a pozostatky tvora, ktorého ako dieťa prežila. Hovorí sa, že v tej srsti stále zostala zvláštna pevnosť a antimagická sila, ktorú Dytria dokáže využiť v boji.  Dytria je tichá, zatrpknutá a odťažitá žena. Nehovorí viac, než musí, a keď už prehovorí, zvyčajne je to o boji, love alebo prežití. So svojím otcom takmer nekomunikuje. Najbližší jej bol Gregor, ktorý ju ako dieťa dokázal aspoň trochu pochopiť, no ten je dnes preč. S Ľudvikom si rozumie iba čiastočne a najbližšie má možno k sesterniciam Ľudmile a Grethe, hoci aj pred nimi si drží odstup.  Dytria pôsobí ako žena, ktorá nikdy nedostala možnosť byť dieťaťom. Je tvrdá, strohá a nebezpečne sústredená. Nie preto, že by nemala city, ale preto, že ju naučili, že city v aréne neprežijú. 
Vilo-Rozsipal|Absorber|Vilo Rozsipal|None|None|Human|Wizard|Jazierchat|Haset|30|Živý|Hed|Lovec študent - Skupina 740~8|empty
Bristila-Harfa|Znalec|Bristila Harfa|None|None|Half-Elf|Wizard|Sostrov|Zael|24|Živá|Hed|Lovec študent - Skupina 745~0|empty
Ľudmila-Grats|Ochranca|Ľudmila Grats|None|None|Human|Fighter|Jazierchat|Zael|23|Živá|Hed|Lovec študent - Skupina 745~0|Ľudmila Grats sa kedysi viac zaujímala o chlapcov než o monštrá. Hoci pochádzala z rodu lovcov a od otca aj predkov mala dosť vedomostí o nebezpečenstvách sveta, dlho verila, že veci nie sú také zlé, ako sa hovorí. Myslela si, že príšery sú problémom lovcov, nie bežného života.  To sa zmenilo na výskumnej stanici v Chladohrade, kde počas výletu zaútočili monštrá. Jej priateľ sa odtiaľ nedokázal dostať živý. Ľudmila tam nebola pri ňom. Nepomohla mu, neochránila ho a dodnes si vyčíta, že si nevšimla nebezpečenstvo skôr. Verí, že keby konala inak, možno by prežil.  Táto strata jej vzala ľahkovážnosť. Pochopila, že svet nie je bezpečnejší len preto, že si to človek želá, a že nevedomosť dokáže zabiť rovnako ako pazúry. Preto sa ešte mladá rozhodla vstúpiť na akadémiu a nasledovať cestu svojho otca ako Ochrankyňa.  Ľudmila nebojuje preto, aby získala slávu rodu Gratsovcov. Bojuje preto, aby už nikto nemusel stáť nad prázdnym miestom, kde mal byť človek, ktorého miloval. Chce chrániť tých, ktorí sa sami ochrániť nedokážu, a byť tam vtedy, keď tam kedysi nebola. 
Lynda-Grookova|Popravca|Lynda Grookova|Žiadne zľutovanie a obzvlášť nie pre silných!|To Hades and Back|Human|Fighter|Severana|Oker|24|Živá|Hed|Lovec študent - Skupina 745~0|empty
Melisa-Svetlíková|Absorber|Melisa Svetlíková|None|None|Human|Blood Hunter|Pieskostan|Zariana|23|Živá|Hed|Lovec študent - Skupina 745~0|empty
Stela-Rifs|Krotiteľ|Stela Rifs|None|None|Aasimar|Ranger|Jazierchat|Dybok|26|Živá|Hed|Lovec študent - Skupina 745~0|empty
Ilibor-Kravke|Krotiteľ|Ilibor Kravke|None|None|Human|Blood Hunter|Jazierchat|Eira|27|Živý|Hed|Lovec študent - Skupina 745~1|empty
Janet-Majakova|Znalec|Janet Majakova|None|None|Human|Sorcerer|Juhiera|Zael|25|Živá|Hed|Lovec študent - Skupina 745~1|empty
Kwandu-Malrik|Popravca|Kwandu Malrik|None|None|Human|Warlock|Sostrov|Hellia|23|Živý|Hed|Lovec študent - Skupina 745~1|empty
Želmíra-TmavoKrvá|Ochranca|Želmíra TmavoKrvá|None|None|Human|Monk|Pieskostan|Syrvaad|26|Živá|Hed|Lovec študent - Skupina 745~1|empty
Roderick-Plamenný|Absorber|Roderick Plamenný|None|Hellfire Absolver|Tiefling|Sorcerer|Tmavohmla|Thelvus|28|Živý|empty|Lovec študent – Skupina 745~1|Priatel rodu Elinuran (Zoriho rodiny – Zori ho spozná)
Ivgar-Kugon|Absorber|Ivgar Kugon|None|None|Orc|Blood Hunter|Ogramište|Bland|17|Živý|Hed|Lovec študent - Skupina 745~2|Description
Anmada-Una'Lari|Popravca|Anmada Una'Lari|None|None|Elf|Fighter|Lesohaj|Virwraek|128|Živá|Hed|Lovec študent - Skupina 745~2|empty
Balwok-Wardan|Krotiteľ|Balwok Wardan|None|None|Dwarf|Barbarian|Vyskyna|Makrak|75|Živý|Hed|Lovec študent - Skupina 745~2|empty
Bastian-Konar|Ochranca|Bastian Konar Rytier|None|Bastian - Light That Endures|Human|Paladin|Zaskyna|Vallor|25|Živý|Hed|Lovec študent - Skupina 745~2|empty
Violet-Martin|Znalec|Violet Martin|None|None|Aasimar|Wizard|Chladohrad|Thelvus|26|Živá|Hed|Lovec študent - Skupina 745~2|empty
Bielko-Hularo|Absorber|Bielko Hularo|None|Bielkos Lucky Claws|Tabaxi|Rogue|Pieskostan|Javan|27|Živý|Hed|Lovec študent - Skupina 745~3|empty
Camile-Redeson|Znalec|Camile Redeson|None|None|Human|Wizard|Juhiera|Odizan|26|Živá|Hed|Lovec študent - Skupina 745~3|empty
Enu'Ana'Lia-Ounogou|Krotiteľ|Enu'Ana'Lia Ounogou|None|None|Half-Elf|Sorcerer|Stromoraj|Ralogolor|32|Živá|Hed|Lovec študent - Skupina 745~3|empty
Radovan-Rybník|Ochranca|Radovan Rybník|None|None|Human|Blood Hunter|Pieskostan|Davian|28|Živý|Hed|Lovec študent - Skupina 745~3|empty
Razag|Popravca|Razag|None|None|Lizardfolk|Barbarian|Ruiny Temnoty|empty|24|Živý|Hed|Lovec študent - Skupina 745~3|empty
Iveth-Asmaliova|Ochranca|Iveth Asmaliova|None|None|Half-Elf|Fighter|Lesohaj|Elavalur |25|Živá|Hed|Lovec študent - Skupina 745~4|empty
Ogscar-Rogba|Popravca|Ogscar Rogba|None|None|Orc|Paladin|Ogramište|Tiny|18|Živý|Hed|Lovec študent - Skupina 745~4|empty
Roman-Romulus|Absorber|Roman Romulus|None|None|Human|Fighter|Severana|Oker|24|Živý|Hed|Lovec študent - Skupina 745~4|empty
Sindarin-El'Nari|Krotiteľ|Sindarin El'Nari|None|None|Elf|Sorcerer|Chladohrad|Zylhana|128|Živá|Hed|Lovec študent - Skupina 745~4|empty
Zilou-Yund|Znalec|Zilou Yund|None|None|Genasi|Wizard|Chladohrad|empty|26|Živý|Hed|Lovec študent - Skupina 745~4|empty
Chris'tana-Hof’Goria|Popravca|Chris'tana Hof’Goria|None|None|Elf|Ranger|Juhiera|Zylhana|130|Živá|Hed|Lovec študent - Skupina 745~5|empty
Franze-Ogram|Krotiteľ|Franze Ogram|None|None|Half-Orc|Monk|Granulia|Beau|23|Živý|Hed|Lovec študent - Skupina 745~5|empty
Piter-Heinricht|Absorber|Piter Heinricht|None|None|Human|Fighter|Granulia|Eirich|24|Živý|Hed|Lovec študent - Skupina 745~5|empty
Urbar-Heinricht|Ochranca|Urbar Heinricht|None|None|Human|Fighter|Granulia|Eirich|56|Živý|Hed|Lovec študent - Skupina 745~5|empty
Zasmal-Zink|Znalec|Zasmal Zink|None|None|Gnome|Artificier|Granulia|Tharnid|59|Živý|Hed|Lovec študent - Skupina 745~5|empty
Claire-Erldikt|Znalec|Claire Erldikt|None|None|Half-Elf|Wizard|Pieskostan|Zurro|29|Živá|Hed|Lovec študent - Skupina 745~6|empty
Kaerth-Lanua|Ochranca|Kaerth Lanua|None|None|Tiefling|Bard|Tmavohmla|Mirlo|24|Živý|Hed|Lovec študent - Skupina 745~6|empty
Lana-Pecova|Absorber|Lana Pecova|None|None|Genasi|Druid|Stromoraj|Glacien|26|Živá|Hed|Lovec študent - Skupina 745~6|empty
Volia-Xazit|Krotiteľ|Volia Xazit|None|None|Human|Sorcerer|Skalodom|Ghad|27|Živá|Hed|Lovec študent - Skupina 745~6|empty
Garfolso-Ala'nuiara-Zelený|Popravca|Garfolso Ala'nuiara Zelený|None|None|Tabaxi|Fighter|Juhiera|Elavalur|25|Živý|Hed|Lovec študent - Skupina 745~6|empty
Ladislav-Bor|Popravca|Ladislav Bör Ursidae|None|None|Human|Fighter|Jazierchat|Errasa|24|Živý|Hed|Lovec študent - Skupina 745~7|empty
Privana-Ryzo|Absorber|Privana Ryzo|None|None|Halken|Blood Hunter|Juhiera|Ursox|26|Živá|Hed|Lovec študent - Skupina 745~7|empty
Quill-Meadow|Znalec|Quill Meadow|None|None|Half-Elf|Wizard|Lesohaj|Mirlo|28|Živá|Hed|Lovec študent - Skupina 745~7|empty
Tatiana-Rokhen|Ochranca|Tatiana Rokhen|None|None|Aasimar|Sorcerer|Severana|Zael|29|Živá|Hed|Lovec študent - Skupina 745~7|empty
Zuzalia-Biela|Krotiteľ|Zuzalia Biela|None|None|Aasimar|Paladin|Pieskostan|Hellia|28|Živá|Hed|Lovec študent - Skupina 745~7|empty
Kulkumak-Hularo|Znalec|Kulkumak Hularo|None|Midnight Mix of Kulkumak|Tabaxi|Artificier|Pieskostan|Rundrur|27|Živý|Hed|Lovec študent - Skupina 745~8|empty
Maghol|Absorber|Maghol|None|None|Tortle|Fighter|Sostrov|Hunkuka|24|Živý|Hed|Lovec študent - Skupina 745~8|empty
Pieta-Lensen|Ochranca|Pieta Lensen|None|None|Human|Barbarian|Ogramište|Rarex|24|Živá|Hed|Lovec študent - Skupina 745~8|empty
Trinta-Golhes|Krotiteľ|Trinta Golhes|None|None|Half-Elf|Artificier|Granulia|Mirantra|28|Živá|Hed|Lovec študent - Skupina 745~8|empty
Vayla-Rosa|Popravca|Vayla Rosa|None|None|Human|Ranger|Jazierchat|Revion|25|Živá|Hed|Lovec študent - Skupina 745~8|empty
Juraj-Arachnit|Absorber|Juraj Arachnit|None|None|Human|Rogue|Jazierchat|Melou|27|Živý|Hed|Lovec študent - Skupina 745~9|Description
Gretha-Grats|Krotiteľ|Gretha Grats|None|None|Human|Cleric|Jazierchat|Saci|24|Živá|Hed|Lovec študent - Skupina 745~9|Gretha Grats je dcéra Gregora Gratsa, hoci svojho otca nikdy nespoznala. Narodila sa až po jeho smrti a meno dostala práve na jeho pamiatku, ako posledný odraz človeka, ktorý jej v živote zostal skôr príbehom než spomienkou. Vyrastala medzi rozprávaniami o Gregorovi, jeho odvahe, dobrote a smrti, ktorá po ňom v rode zanechala tiché prázdno.  Spoznala svojich strýkov, Bolyvara a Ľudviga, no otca poznala len cez slová iných. Práve preto sa celý život snažila žiť tak, aby by na ňu mohol byť hrdý. Vybrala si cestu lovkyne, podobne ako on, no nie rovnakým spôsobom. Gregor bol ochranca, ktorý padol pri tom, keď chránil iných. Gretha si z jeho smrti nevzala len obdiv, ale aj otázku — či sa tomu nedalo zabrániť skôr.  Preto sa ako jediná z poslednej generácie Gratsovcov nevydala priamo v stopách svojho rodiča. Namiesto fakulty Ochrancov si vybrala Krotiteľov. Nechcela iba stáť medzi monštrom a obeťou, keď už je neskoro. Chcela sa naučiť príšery pochopiť, nalákať, oklamať, skrotiť alebo dostať do pasce ešte predtým, než ony dostanú do pasce ľudí.  Gretha nie je menej odvážna než jej otec. Je len inak odvážna. Verí, že zachrániť život niekedy znamená nebojovať silou, ale predvídať, pripraviť pascu a zmeniť výsledok skôr, než sa tragédia zopakuje. V jej očiach nie je krotenie slabosťou, ale spôsobom, ako dať smrti menej príležitostí. 
Kranga-Guroles|Popravca|Kranga Guroles|None|None|Orc|Blood Hunter|Ogramište|Grenava|20|Živá|Hed|Lovec študent - Skupina 745~9|empty
Majk|Ochranca|Majk|None|None|Goliath|Druid|Lesy Života|Uaqaeht|23|Živý|Hed|Lovec študent - Skupina 745~9|empty
Sofia-Klarueox|Znalec|Sofia Klarueox|None|None|Half-Elf|Sorcerer|Jazierchat|Geles|28|Živá|Hed|Lovec študent - Skupina 745~9|empty
Gors-Kotandan|Wanted|Gors Kotandan|None|None|empty|empty|empty|empty|empty|Živý|empty|Mafia boss|empty
Moritz-Papilio|Mudrc|Moritz Papilio|None|None|empty|empty|empty|empty|empty|Živý|empty|Mudrc|empty
Driana-Prachova|Remeslo|Driana Prachova|None|None|empty|empty|empty|empty|empty|Živý|empty|Obchodník|empty
Forbidden-Alfira|Popravca|Forbidden Alfira|None|None|empty|empty|empty|empty|empty|Mŕtva|empty|Old hunter circa 85|empty
Forbidden-Iovor|Ochranca|Forbidden Iovor|None|None|empty|empty|empty|empty|empty|Mŕtvy|empty|Old hunter circa 85|empty
Forbidden-Leahlan|Absorber|Forbidden Leahlan|None|None|empty|empty|empty|empty|empty|Mŕtvy|empty|Old hunter circa 85|empty
Niara-Oracle|Mudrc|Niara Oracle|None|None|empty|empty|empty|empty|empty|Živá|empty|Oracle of Ogramište|empty
Belo-DeRueox|Mesto|Belo DeRueox|None|Oath of DeRueox|Human|Fighter|Jazierchat|Zekkil|33|Živý|---|Osobný strážca Lanc Rueoxa|Ten kto sa nenarodí v priamej pokrvnej línií k prvorodenému synovi kráľa sa stáva automaticky verným služobníkom trónu. To je prípad aj Bela DeRuexa, ktorý sa od svojich 10 rokov stará o bezpečie bratranca. Ako osobný strážca Markíza, bol Belovi predelený výnimočný prístup na Akadémiu a ako jediný neštudent sa zúčastňuje všetkých prednášok, cvičení aj výprav. Je vidieť, že Belo je oddaný služobník, nikdy nemá výhrady voči svojej službe a zdá sa, že je na konštantne v pozore.
Mezere|None|Mezere|Neničím ich životy. Nechám ich, aby to urobili sami.|None|empty|empty|empty|empty|empty|Živá|empty|Patron, Warlock, Goddess from Tmavohmla|Mezere, tiež zvaná Veľkolepá Nočná Mora, nie je obeťou kliatby ani tragédie. Je zlá preto, lebo ju teší ničiť. Nehľadá rýchlu smrť, ale pomalý rozpad života, povesti, lásky a vôle. Jej najväčším pôžitkom je sledovať, ako sa človek zlomí vlastnými rukami, zatiaľ čo si myslí, že všetko bola jeho chyba.  Kedysi bola čarodejnicou, ktorá vytvorila kúzlo na dočasné odčerpanie vôle. Keď videla človeka, ktorý mal stále svoje spomienky, túžby aj schopnosti, no už nedokázal konať, okamžite pochopila krásu tejto moci. Neskôr svoje kúzlo zdokonalila do tmavého ametystového kryštálu, ktorý nosí na krku. Ten už neberie dušu ani telo — berie vôľu.  Mezere neláme obete silou. Najprv ich spozná, získa si ich dôveru, odhalí ich túžby a slabiny. V podobe havrana ich sleduje z okien, striech a tieňov, kým presne nevie, kde zatlačiť. Keď sa človek dobrovoľne vzdá zábran a pustí ju k sebe, kryštál si vezme zvyšok jeho vôle. Obeť potom žije ďalej, no bez sily napraviť škody, ktoré sama spôsobila.  Najradšej ničí hrdinov, šľachticov, paladinov a ľudí s dobrým životom, pretože tam je najviac čo rozbiť. Občas po sebe zanechá aj deti, nie z lásky, ale ako ďalšiu jazvu v živote obete. Niektoré o nej nikdy nezistia, iné ju začnú obdivovať a niektoré sa spoja do temnej skupiny známej ako Hollow Brood — deti Mezere, ktoré svoju matku nenávidia, hľadajú, alebo sa jej desivo podobajú.  Mezere je krásna, trpezlivá a nebezpečne inteligentná nočná mora. Nechce hrdinov iba zabiť. Chce ich poznať, pokaziť a nechať ich žiť dosť dlho na to, aby sledovali trosky vlastného mena. 
Hayden-Vainor-Wineboy|Remeslo|Hayden Vainor|None|None|Human|Fighter|Jazierchat|Beau|37|Živý|empty|Posledny Kalsar|empty
Galarien-Fey'Eluna|None|Galarien Fey'Eluna|None|None|empty|empty|empty|empty|empty|Živá|empty|Púštna čarodejnica|empty
Aren-Vey-Man|None|Aren Vey Man|None|None|empty|empty|empty|empty|empty|Živý|empty|Skin|empty
Aren-Vey-None|None|Aren Vey None|None|None|empty|empty|empty|empty|empty|Živý|empty|Skin|empty
Hayden-Vainor--Boris-Kalsar|None|Hayden Vainor  Boris Kalsar|None|None|empty|empty|empty|empty|empty|Živý|empty|Skin|empty
Hayden-Vainor-Masked|None|Hayden Vainor Masked|None|None|empty|empty|empty|empty|empty|Živý|empty|Skin|empty
Lavrina-Oblag|None|Lavrina Oblag|None|None|empty|empty|empty|empty|empty|Živá|empty|Skin|empty
Maximus-Noe-Cor|None|Maximus Noe Cor|None|None|empty|empty|empty|empty|empty|Živý|empty|Skin|empty
Mezere_2|None|Mezere_2|None|None|empty|empty|empty|empty|empty|Živý|empty|Skin|empty
NiaraOrcBeaty|None|NiaraOrcBeaty|None|None|empty|empty|empty|empty|empty|Živý|empty|Skin|empty
Page-Fields|Mesto|Page Fields|None|None|empty|empty|empty|empty|empty|Živý|empty|Skin|empty
Page-Meadow_NewOutfit|None|Page Meadow_NewOutfit|None|None|empty|empty|empty|empty|empty|Živý|empty|Skin|empty
Quinn-Mursa-Now|None|Quinn Mursa Now|None|None|empty|empty|empty|empty|empty|Živý|empty|Skin|empty
Hayden-Vainor|None|Hayden Vainor|None|None|empty|empty|empty|empty|empty|Živý|empty|Skin??|empty
Vector-Karl|Mudrc|Vector Karl|None|None|empty|empty|empty|empty|empty|Živý|empty|Vedator|empty
Manoforge|None|Manoforge|None|None|empty|empty|empty|empty|empty|Živý|empty|Wanderer|empty
Frederick-Raktoskiniel|Krotiteľ|Frederick Raktoskiniel|None|None|Human|Spectral Knight |Severana|Dridras|60|Živý|empty|Spectral Knight Yellow, Lovec skupiny 715|empty
Elwira-Raktoskiniel|None|Elwira Raktoskiniel|None|None|Human|Spectral Knight |Severana|Eirich|27|Živá|empty|Spectral soldier Yellow|empty
Tadeaz-Aufanz|Umenie|Tadeaz Aufanz|None|None|Human|Spectral Knight |Severana|Saci|32|Živý|empty|Spectral Jester Purple, Zabávač|empty
Mikaela-Aufanz|None|Mikaela Aufanz|None|None|Human|Spectral Knight |Severana|Liorha|30|Živá|empty|Spectral Knight Purple|empty
Gabriel-Ferezo|Ochranca|Gabriel Ferezo|None|Blue Light Eternal|Human|Spectral Knight |Severana|Kybad|58|Živý|empty|Spectral Elder Blue,Lovec skupiny 715|empty
Gabor-Ferezo|Mesto|Gabor Ferezo|None|None|Human|Spectral Knight |Severana|Zekkil|29|Živý|empty|Spectral Knight Blue|empty
Majlo-Burinka|None|Majlo Burinka|None|None|Human|Spectral Knight|Pieskostan|empty|28|Živý|empty|Spectral Knight Green|empty
Emilia-Blankit|Wanted|Emilia Blankit|None|None|Elf|Wizard|Juhiera|empty|empty|Živá|empty|Zločinec|empty
Nathalie-Resartén|Wanted|Nathalie Resartén|None|None|empty|empty|empty|empty|empty|Živá|empty|Zlodej|empty
Anfira-LaGleir|Umenie|Anfira La'Gleir|None|None|Elf (High)|???|???|???|Veľa|Živá|---|Card Reader, Story teller|Anfira pozná mnoho príbehov, no jej príbeh nezná takmer nik. Čo o nej je známe je, že cestuje a za jedlo a nocľah, rozpráva príbehy. Pozná legendy, rozprávky ale príbehy bežných smrteľníkov a roľníkov. A však je aj výborný poslucháč. Anfira, vlastní jedinečné karty, ktoré dokážu predpovedať budúcnosťou. Práve tieto karty sú dôvodom, prečo je vyhľadávaná ale aj dôvodom prečo sa jej stránia.
Julianna-Cerri|Banka|Julianna Cerri|None|None|empty|empty|empty|empty|empty|Živá|empty|empty|empty
Grong-Krz|Fakulty/------|Grong Krz  |None|None|empty|empty|empty|empty|empty|empty|empty|empty|empty
Kiera-Lulaba|Remeslo|Kiera Lulaba|None|None|empty|empty|empty|empty|empty|empty|empty|empty|empty
Dribly-Kolarik|Remeslo|Dribly Kolarik|None|None|empty|empty|empty|empty|empty|empty|empty|empty|empty
Majster-Kalagar-Červený|Mudrc|Majster Kalagar Červený|None|None|empty|empty|empty|empty|empty|empty|empty|empty|empty
Malibuk|Liecenie|Malibuk|None|None|empty|empty|empty|empty|empty|empty|empty|empty|empty
Danril-Kvask|Remeslo|Danril Kvask|None|None|empty|empty|empty|empty|empty|empty|empty|empty|empty
Helena-Kold|empty|Helena Kold|None|None|Human|Fighter|Severana|Rarex|31|Živý|---|~|Staršia sestra Dariny Kold, nikdy nemala záujem o lovenie ale len o dobrodružstvo a tak cestuje svetom, niekedy sama, niekedy so skupinou. Rad sa živý prácou v meste, raz ako lovec odmien. Jej povaha je viac nepredvídateľná než tá jej sestry.
Menea-Nor'Niala|Remeslo|Menea Nor'Niala|None|None|empty|empty|empty|empty|empty|Živý|empty|Assassin|empty
Czezmer-Kravke|None|Czezmer Kravke|None|None|Human|??|Future|Chronovant|35|Živý|empty|empty|Cestoval v čase, nechcený.
Clebort-Ronatus|Ochranca|Clebort Ronatus|None|None|empty|empty|empty|empty|empty|Živý|empty|Cleric Knight|empty
Urganginos|None|Urganginos|None|None|empty|empty|empty|empty|empty|Živý|empty|Cultist|empty
Murez-Elinuran|None|Murez Elinuran|None|None|empty|empty|empty|empty|empty|Živý|empty|Dedič|empty
Aztrid-Elinuranova|None|Aztrid Elinuranova|None|None|empty|empty|empty|empty|empty|Živý|empty|Dedička|empty
Azor-Elinuran|None|Azor Elinuran|None|None|empty|empty|empty|empty|empty|Živý|empty|Noble of Tmavohmla|empty
Karlita-Elinuranova|None|Karlita Elinuranova|None|None|empty|empty|empty|empty|empty|Živá|empty|Noble of Tmavohmla|empty
Draxlia-Austiefental|Popravca|Draxlia Aus Tiefental|None|None|Human|Fighter|Severana|Kybad|24|Živá|---|Diplomat/Head-hunter|Rod VonHohenberg má zlú reputáciu vo svete ale rod AusTiefental má voči nemu intenzívnu nenávisť a tá sa najviac prejavuje u Draxlie. Netají sa tým a pri každej možnosti spomie ako jej rod padol a stratil hodnotu len kvôli VonBergovcom. Okrem toho je však veľmi schopná diplomatka a čo je horšie aj bojovník, takže ak neloví prímerie loví hlavy a niekedy sa tieto dve množiny môžu aj pretínať.
Milena-Kladivova|Bohovia|Milena Kladivova|None|None|empty|empty|empty|empty|empty|Živý|empty|Dobrodruh|empty
Dorian-Kold|empty|Dorian Kold|None|None|Human|Rogue|Severana|Kybad|29|Živý|---|empty|Samozvaný ochranca práva alebo narušiteľ poriadku, oba opisy vystihujú polnočný tieň. Ten tieto dni hlavne riadi na Sostrove, inak o ňom nie je veľa známe.
Bernard-Kováčik_0|None|Bernard Kováčik_0|None|None|empty|empty|empty|empty|empty|Živý|empty|empty|empty
Cialare-Lor’niala|None|Cialare Lor’niala|None|None|empty|empty|empty|empty|empty|Živý|empty|empty|empty
Kaelys-Mezere|None|Kaelys Mezere|None|None|empty|empty|empty|empty|empty|Živý|empty|empty|Kaelys zvaná Zelený Tŕň vyrastala v druidskej komunite po tom, čo jej otec bez vôle odišiel do rieky a už sa nevrátil. Príroda sa pre ňu stala rodinou aj zbraňou. Je divoká, výbušná a často viac nahnevaná než opatrná, no jej hnev má smer. Viničom, jedom a koreňmi trestá skazených ľudí, ktorí podľa nej ničia svet zvnútra. Verí, že Mezere možno poraziť len tým, že vznikne niečo, čo nedokáže rozložiť.
Lazarin-Mezere|None|Lazarin Mezere|None|None|empty|empty|empty|empty|empty|Živý|empty|empty|Lazarin, zvaný Bledý Strážca, bol vychovaný ako šľachtic a ochranca, bez toho, aby poznal pravdu o svojej krvi. Keď zistil, že je synom Mezere, jeho viera sa zlomila, no zmysel pre spravodlivosť nezmizol. Dnes stojí medzi Brood a svetom ako tichý štít, chladný a dôstojný, no vnútri plný pochybností. Možno stále verí, že jeho matka môže byť vykúpená. Alebo sa bojí, že jedného dňa sám pôjde za ňou.
Nyxira-Mezere|None|Nyxira Mezere|None|None|empty|empty|empty|empty|empty|Živý|empty|empty|Nyxira, zvaná Tŕnistá Fialka, je čepeľ Hollow Brood. Vyrastala pri otcovi, ktorému Mezere vzala vôľu, až kým sa z neho nestal prázdny tieň človeka. Odvtedy sa Nyxira naučila neusmievať, nezaváhať a nezľutovať sa. Sleduje stopy matkinej mágie a zabíja tých, ktorí podľa nej už nesú jej nákazu. Je presná, chladná a desivo trpezlivá.
Rebeka-Kajna|None|Rebeka Kajna|None|None|empty|empty|empty|empty|???|Živý|empty|empty|empty
Seravin-Gokolova|None|Seravin Gokolova|None|None|empty|empty|empty|empty|empty|Živý|empty|empty|empty
Serelith-Mezere|None|Serelith Mezere|None|None|empty|empty|empty|empty|empty|Živý|empty|empty|Serelith je vodkyňa Hollow Brood a najbližšie k tomu, čo skupina má ako svedomie. Neverí, že Mezere je len žena — vidí ju ako silu rozkladu, ktorá pomaly požiera nádej v ľuďoch. Serelith komunikuje s mŕtvymi a s prázdnymi zvyškami obetí, ktorým bola vzatá vôľa. Pôsobí pokojne a elegantne, no jej pokoj je popraskaný smútkom. Nevedie skupinu hnevom, ale nutnosťou zastaviť matku skôr, než zlomí ďalších.
Ťurkup-Kopor|None|Ťurkup Kopor|None|None|empty|empty|empty|empty|empty|Živý|empty|empty|empty
Ugo-Musstank|None|Ugo Musstank|None|Ugo Musstank, the Green Rebirt|empty|empty|empty|empty|empty|Živý|empty|empty|empty
Veilner-Vilion-El'Nari|Umenie|Veilner Vilion El'Nari|None|None|empty|empty|empty|empty|empty|Živý|empty|empty|empty
Veyrion-Mezere|None|Veyrion Mezere|None|None|empty|empty|empty|empty|empty|Živý|empty|empty|Veyrion, zvaný Palefire, je najnebezpečnejší z detí Mezere práve preto, že ju nechce iba zabiť. Chce jej rozumieť, napodobniť ju a možno jedného dňa zaujať jej miesto. Je očarujúci, teatrálny a nevyspytateľný, vždy s úsmevom niekoho, kto už pozná koniec rozhovoru. Tvrdí, že svoju matku nenávidí, no v snoch ju stále počúva a jej hlas v ňom zapaľuje bledý oheň ambície.
Waab|Absorber|Waab|None|None|empty|empty|empty|empty|empty|Živý|empty|empty|empty
Wakro|Krotiteľ|Wakro|None|None|empty|empty|empty|empty|empty|Živý|empty|empty|empty
Waoch|Ochranca|Waoch|None|None|empty|empty|empty|empty|empty|Živý|empty|empty|empty
Wapo|Popravca|Wapo|None|None|empty|empty|empty|empty|empty|Živý|empty|empty|empty
Wazn|Znalec|Wazn|None|None|empty|empty|empty|empty|empty|Živý|empty|empty|empty
Zitha-Riebus|None|Zitha Riebus|None|None|empty|empty|empty|empty|empty|Živý|empty|empty|empty
Jeliena-Kajna|Bohovia|Jeliena_Kajna|None|empty|empty|empty|empty|empty|empty|empty|empty|empty|empty
Jeliena-Kajna_NewAttire|Empty|Jeliena Kajna_NewAttire|None|empty|empty|empty|empty|empty|empty|empty|empty|empty|empty
Aralia-Al'Nari|Empty|Aralia Al'Nari|None|empty|empty|empty|empty|empty|empty|empty|empty|empty|empty
Oatis-Field|Remeslo|Oatis Field|None|None|empty|empty|empty|empty|empty|Živý|empty|Farmar|empty
Peater-Fields|Remeslo|Peater Fields|None|None|empty|empty|empty|empty|empty|Živý|empty|Farmár|empty
Cronika-Fields|Znalec|Cronika Fields|None|None|empty|empty|empty|empty|empty|Živý|Jäger?|Farmarka, Lovec skupiny 695|empty
Jeniva-Rakh`Vezhof|None|Jeniva Rakh`Vezhof|None|None|empty|empty|empty|empty|empty|Živý|empty|Headhunter|empty
Bonifac-Mikleš|Bohovia|Bonifac Mikleš|None|None|empty|empty|empty|empty|empty|Živý|empty|High Priest|empty
Markus-Renta|None|Markus Renta|None|None|empty|empty|empty|empty|empty|Živý|empty|High Priest|empty
Edimia-Gygar|Bohovia|Edimia Gygar|None|None|empty|empty|empty|empty|empty|Živý|empty|High Priestess|empty
Eleanor-Augeht|Bohovia|Eleanor Augeht|None|None|empty|empty|empty|empty|empty|Živý|empty|High Priestess|empty
Pavria-Rhei'aou|Bohovia|Pavria Rhei'aou|None|None|empty|empty|empty|empty|empty|Živý|empty|High Priestess|empty
Orgar-Brakfi|None|Orgar Brakfi|None|None|empty|empty|empty|empty|empty|Živý|empty|Chieftan Gramište|empty
Dancia-DeRueox|Mesto|Dancia DeRueox|None|Blue Steel Fury (Dancia DeRuox)|empty|empty|empty|empty|empty|Živý|empty|Kings Guard|empty
Dal'v-Sepet|Mesto|Dal'v Sepet|None|None|Elf|Noble|Tmavohmla|Neznámi|Neznámi|Živý|Kráľ|Kráľ Tmavohmly a okolia|Description
Edgariana_Rueox|Mesto|Edgariana_Rueox|None|None|empty|empty|empty|empty|empty|Živá|empty|Královna Jazierchatu|empty
Katharina-Popelova|Bohovia|Katharina Popelova|None|None|Human|empty|empty|empty|33|Živá|empty|Križiak Kňažka|empty
Cecilia-Kotlova|Bohovia|Cecilia Kotlova|None|None|Human|empty|empty|empty|29|Živá|empty|Križiak Kňažka|empty
Nasťa-Oblag|Remeslo|Nasťa Oblag|None|None|Human|empty|empty|empty|48|Živá|empty|Magazine Owner|empty
Seressa-Veyl|Remeslo|Seressa Veyl|None|None|Human|empty|empty|empty|32|Živá|empty|Shop Owner|empty
Gregor-VonHohenberg|Popravca|Gregor Von Hohenberg Kat|None|The Weight of the Name|Human|Barbarian|Jazierchat|Kybad|48|Mŕtvy|Jäger|Lovec Skupina 635|Gregor Von Hohenberg, prezývaný Kat, patril k fakulte Popravcov a bol jedným z najúspešnejších členov svojho prekliateho rodu. Bol pra-prastarým otcom Luciusa a pra-pra-prastarým otcom Teodora Von Hohenberga, ktorý neskôr kráčal podobnou cestou. Zo všetkých Von Hohenbergov sa Gregor dostal najďalej v rodovom cieli, očistiť meno rodiny, a zároveň dosiahol najvyššie uznanie akadémie svojej doby. <br><br> Bol dostatočne nebezpečný, aby získal prezývku Kat, a dostatočne schopný, aby sa stal Jägerom. Napriek tomu mu spoločnosť nikdy úplne neodpustila jeho meno. Pre mnohých zostal len Von Hohenbergom, mužom z rodu s poškvrnenou povesťou, ktorý síce zabíja monštrá, ale vraj nepatrí medzi skutočnú elitu. <br><br> Jeho život sťažovalo aj to, že bol čistý barbar v období, keď sa na barbarov na akadémii nepozeralo s veľkou úctou. Kým iní videli silu ako niečo ušľachtilé, pri ňom ju často považovali za hrubosť. Gregor však nikdy neustupoval. Bolo to rodové dedičstvo aj jeho najväčšia slabina. <br><br> Ako jeden z mála mužov svojho rodu sa dožil narodenia vlastného vnúčaťa, no nikdy nedostal príležitosť sa s ním porozprávať. Aby Gregor získal meno a pevné postavenie aspoň pre svojho vnuka, rozhodol sa spraviť to najťažšie, vyrazil na lov sám. Chcel dokázať, že Von Hohenbergovia sú lepší, schopný a zaslúžia si rešpekt. Príšeru nakoniec aj zničil, no zaplatil za to všetkým. V boji sa rozbila aj rodová zbraň, meč Von Hohenbergov, ktorý zostal poškodený dodnes. Gregor po víťazstve nežil dlho. Bol sám, ďaleko, ťažko zranený a bez liečiteľa, ktorý by ho dokázal zachrániť. Zostal po ňom titul, prezývka Kat, rozbitý meč a otázka, či aj najlepší z Von Hohenbergov môže niekedy stačiť na očistenie mena rodu.
